Date,Time (UTC),Year,Vehicle,Payload,Payload Mass (kg),Orbit,Orbit Category,Outcome,Counted Mass (kg)
2010-06-04,18:45:00,2010,Falcon 9,Dragon Spacecraft Qualification Unit,,LEO,LEO (Other),Success,0
2010-12-08,15:43:00,2010,Falcon 9,SpaceX COTS Demo Flight 1 (Dragon C101),,LEO,LEO (Other),Success,0
2012-05-22,07:44:00,2012,Falcon 9,SpaceX COTS Demo Flight 2 (Dragon C102),525,LEO (ISS),LEO (Other),Success,525
2012-10-08,00:35:00,2012,Falcon 9,SpaceX CRS-1 (Dragon C103),4700,LEO (ISS),LEO (Other),Success,4700
2013-03-01,15:10:00,2013,Falcon 9,SpaceX CRS-2 (Dragon C104),4877,LEO (ISS),LEO (Other),Success,4877
2013-09-29,16:00:00,2013,Falcon 9,CASSIOPE,500,Polar orbit LEO,LEO (Other),Success,500
2013-12-03,22:41:00,2013,Falcon 9,SES-8,3170,GTO,GTO/GEO,Success,3170
2014-01-06,22:06:00,2014,Falcon 9,Thaicom 6,3325,GTO,GTO/GEO,Success,3325
2014-04-18,19:25:00,2014,Falcon 9,SpaceX CRS-3 (Dragon C105),2296,LEO (ISS),LEO (Other),Success,2296
2014-07-14,15:15:00,2014,Falcon 9,Orbcomm-OG2-1 (6 satellites),1316,LEO,LEO (Other),Success,1316
2014-08-05,08:00:00,2014,Falcon 9,AsiaSat 8,4535,GTO,GTO/GEO,Success,4535
2014-09-07,05:00:00,2014,Falcon 9,AsiaSat 6,4428,GTO,GTO/GEO,Success,4428
2014-09-21,05:52:00,2014,Falcon 9,SpaceX CRS-4 (Dragon C106.1),2216,LEO (ISS),LEO (Other),Success,2216
2015-01-10,09:47:00,2015,Falcon 9,SpaceX CRS-5 (Dragon C107),2395,LEO (ISS),LEO (Other),Success,2395
2015-02-11,23:03:00,2015,Falcon 9,DSCOVR,570,Sun–Earth L1 insertion,Other,Success,570
2015-03-02,03:50:00,2015,Falcon 9,ABS-3A Eutelsat 115 West B,4159,GTO,GTO/GEO,Success,4159
2015-04-14,20:10:00,2015,Falcon 9,SpaceX CRS-6 (Dragon C108.1),1898,LEO (ISS),LEO (Other),Success,1898
2015-04-27,23:03:00,2015,Falcon 9,TürkmenÄlem 52°E / MonacoSAT,4707,GTO,GTO/GEO,Success,4707
2015-06-28,14:21:00,2015,Falcon 9,SpaceX CRS-7 (Dragon C109),1952,LEO (ISS),LEO (Other),Failure,0
2015-12-22,01:29:00,2015,Falcon 9,Orbcomm-OG2-2 (11 satellites),2034,LEO,LEO (Other),Success,2034
2016-01-17,18:42:00,2016,Falcon 9,Jason-3,553,LEO,LEO (Other),Success,553
2016-03-04,23:35:00,2016,Falcon 9,SES-9,5271,GTO,GTO/GEO,Success,5271
2016-04-08,20:43:00,2016,Falcon 9,SpaceX CRS-8 (Dragon C110.1),3136,LEO (ISS),LEO (Other),Success,3136
2016-05-06,05:21:00,2016,Falcon 9,JCSAT-14,4696,GTO,GTO/GEO,Success,4696
2016-05-27,21:39:00,2016,Falcon 9,Thaicom 8,3100,GTO,GTO/GEO,Success,3100
2016-06-15,14:29:00,2016,Falcon 9,ABS-2A Eutelsat 117 West B,3600,GTO,GTO/GEO,Success,3600
2016-07-18,04:45:00,2016,Falcon 9,SpaceX CRS-9 (Dragon C111.1),2257,LEO (ISS),LEO (Other),Success,2257
2016-08-14,05:26:00,2016,Falcon 9,JCSAT-16,4600,GTO,GTO/GEO,Success,4600
2016-09-03,07:00:00,2016,Falcon 9,AMOS-6,5500,GTO,GTO/GEO,Precluded (pre-flight failure),0
2017-01-14,17:54:00,2017,Falcon 9,Iridium NEXT-1 (10 satellites),9600,Polar LEO,LEO (Other),Success,9600
2017-02-19,14:39:00,2017,Falcon 9,SpaceX CRS-10 (Dragon C112.1),2490,LEO (ISS),LEO (Other),Success,2490
2017-03-16,06:00:00,2017,Falcon 9,EchoStar 23,5600,GTO,GTO/GEO,Success,5600
2017-03-30,22:27:00,2017,Falcon 9,SES-10,5300,GTO,GTO/GEO,Success,5300
2017-05-01,11:15:00,2017,Falcon 9,NROL-76,,LEO,LEO (Other),Success,0
2017-05-15,23:21:00,2017,Falcon 9,Inmarsat-5 F4,6070,GTO,GTO/GEO,Success,6070
2017-06-03,21:07:00,2017,Falcon 9,SpaceX CRS-11 (Dragon C106.2),2708,LEO (ISS),LEO (Other),Success,2708
2017-06-23,19:10:00,2017,Falcon 9,BulgariaSat-1,3669,GTO,GTO/GEO,Success,3669
2017-06-25,20:25:00,2017,Falcon 9,Iridium NEXT-2 (10 satellites),9600,LEO,LEO (Other),Success,9600
2017-07-05,23:38:00,2017,Falcon 9,Intelsat 35e,6761,GTO,GTO/GEO,Success,6761
2017-08-14,16:31:00,2017,Falcon 9,SpaceX CRS-12 (Dragon C113.1),3310,LEO (ISS),LEO (Other),Success,3310
2017-08-24,18:51:00,2017,Falcon 9,Formosat-5,475,SSO,SSO (Other),Success,475
2017-09-07,14:00:00,2017,Falcon 9,Boeing X-37B OTV-5,4990,LEO,LEO (Other),Success,4990
2017-10-09,12:37:00,2017,Falcon 9,Iridium NEXT-3 (10 satellites),9600,Polar LEO,LEO (Other),Success,9600
2017-10-11,22:53:00,2017,Falcon 9,SES-11 / EchoStar 105,5400,GTO,GTO/GEO,Success,5400
2017-10-30,19:34:00,2017,Falcon 9,Koreasat 5A,3500,GTO,GTO/GEO,Success,3500
2017-12-15,15:36:00,2017,Falcon 9,SpaceX CRS-13 (Dragon C108.2),2205,LEO (ISS),LEO (Other),Success,2205
2017-12-23,01:27:00,2017,Falcon 9,Iridium NEXT-4 (10 satellites),9600,Polar LEO,LEO (Other),Success,9600
2018-01-08,01:00:00,2018,Falcon 9,Zuma,,LEO,LEO (Other),Success,0
2018-01-31,21:25:00,2018,Falcon 9,GovSat-1 (SES-16),4230,GTO,GTO/GEO,Success,4230
2018-02-06,20:45:00,2018,Falcon Heavy,Elon Musk's Tesla Roadster,1250,Heliocentric 0.99–1.67 AU (close to Mars transfer orbit),Heliocentric,Success,1250
2018-02-22,14:17:00,2018,Falcon 9,Paz,2150,SSO,SSO (Other),Success,2150
2018-03-06,05:33:00,2018,Falcon 9,Hispasat 30W-6 PODSat,6092,GTO,GTO/GEO,Success,6092
2018-03-30,14:14:00,2018,Falcon 9,Iridium NEXT-5 (10 satellites),9600,Polar LEO,LEO (Other),Success,9600
2018-04-02,20:30:00,2018,Falcon 9,SpaceX CRS-14 (Dragon C110.2),2647,LEO (ISS),LEO (Other),Success,2647
2018-04-18,22:51:00,2018,Falcon 9,Transiting Exoplanet Survey Satellite (TESS),362,HEO for P/2 orbit,Other,Success,362
2018-05-11,20:14:00,2018,Falcon 9,Bangabandhu-1,3600,GTO,GTO/GEO,Success,3600
2018-05-22,19:47:00,2018,Falcon 9,Iridium NEXT-6 (5 satellites) GRACE-FO × 2,6460,Polar LEO,LEO (Other),Success,6460
2018-06-04,04:45:00,2018,Falcon 9,SES-12,5384,GTO,GTO/GEO,Success,5384
2018-06-29,09:42:00,2018,Falcon 9,SpaceX CRS-15 (Dragon C111.2),2697,LEO (ISS),LEO (Other),Success,2697
2018-07-22,05:50:00,2018,Falcon 9,Telstar 19V,7075,GTO,GTO/GEO,Success,7075
2018-07-25,11:39:00,2018,Falcon 9,Iridium NEXT-7 (10 satellites),9600,Polar LEO,LEO (Other),Success,9600
2018-08-07,05:18:00,2018,Falcon 9,Merah Putih (formerly Telkom-4),5800,GTO,GTO/GEO,Success,5800
2018-09-10,04:45:00,2018,Falcon 9,Telstar 18V / Apstar-5C,7060,GTO,GTO/GEO,Success,7060
2018-10-08,02:22:00,2018,Falcon 9,SAOCOM 1A,3000,SSO,SSO (Other),Success,3000
2018-11-15,20:46:00,2018,Falcon 9,Es'hail 2,5300,GTO,GTO/GEO,Success,5300
2018-12-03,18:34:00,2018,Falcon 9,SSO-A (SmallSat Express) (SHERPA),4000,SSO,SSO (Other),Success,4000
2018-12-05,18:16:00,2018,Falcon 9,SpaceX CRS-16 (Dragon C112.2),2500,LEO (ISS),LEO (Other),Success,2500
2018-12-23,13:51:00,2018,Falcon 9,GPS III-01 (Vespucci),4400,MEO,MEO,Success,4400
2019-01-11,15:31:00,2019,Falcon 9,Iridium NEXT-8 (10 satellites),9600,Polar LEO,LEO (Other),Success,9600
2019-02-22,01:45:00,2019,Falcon 9,Nusantara Satu (PSN-6) Beresheet Moon lander S5,4850,GTO,GTO/GEO,Success,4850
2019-03-02,07:49:00,2019,Falcon 9,Crew Dragon Demo-1 (Dragon C204),12055,LEO (ISS),LEO (Other),Success,12055
2019-04-11,22:35:00,2019,Falcon Heavy,Arabsat-6A,6465,GTO,GTO/GEO,Success,6465
2019-05-04,06:48:00,2019,Falcon 9,SpaceX CRS-17 (Dragon C113.2),2495,LEO (ISS),LEO (Other),Success,2495
2019-05-24,02:30:00,2019,Falcon 9,Starlink: v0.9 launch (60 satellites),13620,LEO,LEO (Starlink),Success,13620
2019-06-12,14:17:00,2019,Falcon 9,RADARSAT Constellation (3 satellites),4200,SSO,SSO (Other),Success,4200
2019-06-25,06:30:00,2019,Falcon Heavy,Space Test Program Flight 2 (STP-2),3700,LEO / MEO,Other,Success,3700
2019-07-25,22:01:00,2019,Falcon 9,SpaceX CRS-18 (Dragon C108.3),2268,LEO (ISS),LEO (Other),Success,2268
2019-08-06,23:23:00,2019,Falcon 9,AMOS-17,6500,GTO,GTO/GEO,Success,6500
2019-11-11,14:56:00,2019,Falcon 9,Starlink: Launch 1 (60 satellites),15600,LEO,LEO (Starlink),Success,15600
2019-12-05,17:29:00,2019,Falcon 9,SpaceX CRS-19 (Dragon C106.3),2617,LEO (ISS),LEO (Other),Success,2617
2019-12-17,00:10:00,2019,Falcon 9,JCSat-18 / Kacific 1,6956,GTO,GTO/GEO,Success,6956
2020-01-07,02:19:00,2020,Falcon 9,Starlink: Launch 2 (60 satellites),15600,LEO,LEO (Starlink),Success,15600
2020-01-19,15:30:00,2020,Falcon 9,Crew Dragon in-flight abort test (Dragon C205.1),12050,Sub-orbital,Transatmospheric,Successful simulated failure,12050
2020-01-29,14:07:00,2020,Falcon 9,Starlink: Launch 3 (60 satellites),15600,LEO,LEO (Starlink),Success,15600
2020-02-17,15:05:00,2020,Falcon 9,Starlink: Launch 4 (60 satellites),15600,LEO,LEO (Starlink),Success,15600
2020-03-07,04:50:00,2020,Falcon 9,SpaceX CRS-20 (Dragon C112.3),1977,LEO (ISS),LEO (Other),Success,1977
2020-03-18,12:16:00,2020,Falcon 9,Starlink: Launch 5 (60 satellites),15600,LEO,LEO (Starlink),Success,15600
2020-04-22,19:30:00,2020,Falcon 9,Starlink: Launch 6 (60 satellites),15600,LEO,LEO (Starlink),Success,15600
2020-05-30,19:22:00,2020,Falcon 9,Crew Dragon Demo-2 (Crew Dragon C206.1 Endeavour),12530,LEO (ISS),LEO (Other),Success,12530
2020-06-04,01:25:00,2020,Falcon 9,Starlink: Launch 7 (60 satellites),15600,LEO,LEO (Starlink),Success,15600
2020-06-13,09:21:00,2020,Falcon 9,Starlink: Launch 8 (58 satellites),15410,LEO,LEO (Starlink),Success,15410
2020-06-30,20:10:00,2020,Falcon 9,GPS III-03 (Matthew Henson),4311,MEO,MEO,Success,4311
2020-07-20,21:30:00,2020,Falcon 9,ANASIS-II,5500,GTO,GTO/GEO,Success,5500
2020-08-07,05:12:00,2020,Falcon 9,Starlink: Launch 9 (57 satellites),14932,LEO,LEO (Starlink),Success,14932
2020-08-18,14:31:00,2020,Falcon 9,Starlink: Launch 10 (58 satellites),15440,LEO,LEO (Starlink),Success,15440
2020-08-30,23:18:00,2020,Falcon 9,SAOCOM 1B GNOMES 1 Tyvak-0172,3130,SSO,SSO (Other),Success,3130
2020-09-03,12:46:00,2020,Falcon 9,Starlink: Launch 11 (60 satellites),15600,LEO,LEO (Starlink),Success,15600
2020-10-06,11:29:00,2020,Falcon 9,Starlink: Launch 12 (60 satellites),15600,LEO,LEO (Starlink),Success,15600
2020-10-18,12:25:00,2020,Falcon 9,Starlink: Launch 13 (60 satellites),15600,LEO,LEO (Starlink),Success,15600
2020-10-24,15:31:00,2020,Falcon 9,Starlink: Launch 14 (60 satellites),15600,LEO,LEO (Starlink),Success,15600
2020-11-05,23:24:00,2020,Falcon 9,GPS III-04 (Sacagawea),4311,MEO,MEO,Success,4311
2020-11-16,00:27:00,2020,Falcon 9,Crew-1 (Crew Dragon C207.1 Resilience),12500,LEO (ISS),LEO (Other),Success,12500
2020-11-21,17:17:00,2020,Falcon 9,Sentinel-6 Michael Freilich (Jason-CS A),1192,LEO,LEO (Other),Success,1192
2020-11-25,02:13:00,2020,Falcon 9,Starlink: Launch 15 (60 satellites),15600,LEO,LEO (Starlink),Success,15600
2020-12-06,16:17:00,2020,Falcon 9,SpaceX CRS-21 (Dragon C208.1),2972,LEO (ISS),LEO (Other),Success,2972
2020-12-13,17:30:00,2020,Falcon 9,SXM-7,7000,GTO,GTO/GEO,Success,7000
2020-12-19,14:00:00,2020,Falcon 9,NROL-108,,LEO,LEO (Other),Success,0
2021-01-08,02:15:00,2021,Falcon 9,Türksat 5A,3500,GTO,GTO/GEO,Success,3500
2021-01-20,13:02:00,2021,Falcon 9,Starlink: Launch 16 (60 satellites),15600,LEO,LEO (Starlink),Success,15600
2021-01-24,15:00:00,2021,Falcon 9,Transporter-1 (143 payload smallsat rideshare),5000,SSO,SSO (Other),Success,5000
2021-02-04,06:19:00,2021,Falcon 9,Starlink: Launch 18 (60 satellites),15600,LEO,LEO (Starlink),Success,15600
2021-02-16,03:59:00,2021,Falcon 9,Starlink: Launch 19 (60 satellites),15600,LEO,LEO (Starlink),Success,15600
2021-03-04,08:24:00,2021,Falcon 9,Starlink: Launch 17 (60 satellites),15600,LEO,LEO (Starlink),Success,15600
2021-03-11,08:13:00,2021,Falcon 9,Starlink: Launch 20 (60 satellites),15600,LEO,LEO (Starlink),Success,15600
2021-03-14,10:01:00,2021,Falcon 9,Starlink: Launch 21 (60 satellites),15600,LEO,LEO (Starlink),Success,15600
2021-03-24,08:28:00,2021,Falcon 9,Starlink: Launch 22 (60 satellites),15600,LEO,LEO (Starlink),Success,15600
2021-04-07,16:34:00,2021,Falcon 9,Starlink: Launch 23 (60 satellites),15600,LEO,LEO (Starlink),Success,15600
2021-04-23,09:49:00,2021,Falcon 9,Crew-2 (Crew Dragon C206.2 Endeavour),13000,LEO (ISS),LEO (Other),Success,13000
2021-04-29,03:44:00,2021,Falcon 9,Starlink: Launch 24 (60 satellites),15600,LEO,LEO (Starlink),Success,15600
2021-05-04,19:01:00,2021,Falcon 9,Starlink: Launch 25 (60 satellites),15600,LEO,LEO (Starlink),Success,15600
2021-05-09,06:42:00,2021,Falcon 9,Starlink: Launch 27 (60 satellites),15600,LEO,LEO (Starlink),Success,15600
2021-05-15,22:56:00,2021,Falcon 9,Starlink: Launch 26 (52 satellites),15440,LEO,LEO (Starlink),Success,15440
2021-05-26,18:59:00,2021,Falcon 9,Starlink: Launch 28 (60 satellites),15600,LEO,LEO (Starlink),Success,15600
2021-06-03,17:29:00,2021,Falcon 9,SpaceX CRS-22 (Dragon C209.1),3328,LEO (ISS),LEO (Other),Success,3328
2021-06-06,04:26:00,2021,Falcon 9,SXM-8,7000,GTO,GTO/GEO,Success,7000
2021-06-17,16:09:00,2021,Falcon 9,USA-319 / GPS III-05 (Neil Armstrong),4331,MEO,MEO,Success,4331
2021-06-30,19:31:00,2021,Falcon 9,Transporter-2 (88 payload smallsat rideshare),,SSO,SSO (Other),Success,0
2021-08-29,07:14:00,2021,Falcon 9,SpaceX CRS-23 (Dragon C208.2),2200,LEO (ISS),LEO (Other),Success,2200
2021-09-14,03:55:00,2021,Falcon 9,Starlink: Group 2-1 (51 satellites),13260,LEO,LEO (Starlink),Success,13260
2021-09-16,00:02:00,2021,Falcon 9,Inspiration4 (Crew Dragon C207.2 Resilience),12519,LEO,LEO (Other),Success,12519
2021-11-11,02:03:00,2021,Falcon 9,Crew-3 (Crew Dragon C210.1 Endurance),13000,LEO (ISS),LEO (Other),Success,13000
2021-11-13,12:19:00,2021,Falcon 9,Starlink: Group 4-1 (53 satellites),15635,LEO,LEO (Starlink),Success,15635
2021-11-24,06:21:00,2021,Falcon 9,Double Asteroid Redirection Test (DART),624,Heliocentric,Heliocentric,Success,624
2021-12-02,23:12:00,2021,Falcon 9,Starlink: Group 4-3 (48 satellites),14500,LEO,LEO (Starlink),Success,14500
2021-12-09,06:00:00,2021,Falcon 9,Imaging X-ray Polarimetry Explorer (IXPE),325,LEO,LEO (Other),Success,325
2021-12-18,12:41:00,2021,Falcon 9,Starlink: Group 4-4 (52 satellites),15600,LEO,LEO (Starlink),Success,15600
2021-12-19,03:58:00,2021,Falcon 9,Türksat 5B,4500,GTO,GTO/GEO,Success,4500
2021-12-21,10:06:00,2021,Falcon 9,SpaceX CRS-24 (Dragon C209.2),2989,LEO (ISS),LEO (Other),Success,2989
2022-01-06,21:49:00,2022,Falcon 9,Starlink: Group 4-5 (49 satellites),14500,LEO,LEO (Starlink),Success,14500
2022-01-13,15:25:00,2022,Falcon 9,Transporter-3 (105 payload smallsat rideshare),,SSO,SSO (Other),Success,0
2022-01-19,02:02:00,2022,Falcon 9,Starlink: Group 4-6 (49 satellites),14500,LEO,LEO (Starlink),Success,14500
2022-01-31,23:11:00,2022,Falcon 9,CSG-2,2205,SSO,SSO (Other),Success,2205
2022-02-02,20:27:00,2022,Falcon 9,NROL-87,,SSO,SSO (Other),Success,0
2022-02-03,18:13:00,2022,Falcon 9,Starlink: Group 4-7 (49 satellites),14500,LEO,LEO (Starlink),Success,14500
2022-02-21,14:44:00,2022,Falcon 9,Starlink: Group 4-8 (46 satellites),13600,LEO,LEO (Starlink),Success,13600
2022-02-25,17:12:00,2022,Falcon 9,Starlink: Group 4-11 (50 satellites),14750,LEO,LEO (Starlink),Success,14750
2022-03-03,14:25:00,2022,Falcon 9,Starlink: Group 4-9 (47 satellites),13900,LEO,LEO (Starlink),Success,13900
2022-03-09,13:45:00,2022,Falcon 9,Starlink: Group 4-10 (48 satellites),14160,LEO,LEO (Starlink),Success,14160
2022-03-19,04:42:00,2022,Falcon 9,Starlink: Group 4-12 (53 satellites),16250,LEO,LEO (Starlink),Success,16250
2022-04-01,16:24:00,2022,Falcon 9,Transporter-4 (40 payload smallsat rideshare),,SSO,SSO (Other),Success,0
2022-04-08,15:17:00,2022,Falcon 9,Axiom-1 (Crew Dragon C206.3 Endeavour),13000,LEO (ISS),LEO (Other),Success,13000
2022-04-17,13:13:00,2022,Falcon 9,NROL-85 (Intruder 13A and Intruder 13B ),,LEO,LEO (Other),Success,0
2022-04-21,17:51:00,2022,Falcon 9,Starlink: Group 4-14 (53 satellites),16250,LEO,LEO (Starlink),Success,16250
2022-04-27,07:52:00,2022,Falcon 9,Crew-4 (Crew Dragon C212.1 Freedom),13000,LEO (ISS),LEO (Other),Success,13000
2022-04-29,21:27:00,2022,Falcon 9,Starlink: Group 4-16 (53 satellites),16250,LEO,LEO (Starlink),Success,16250
2022-05-06,09:46:00,2022,Falcon 9,Starlink: Group 4-17 (53 satellites),16250,LEO,LEO (Starlink),Success,16250
2022-05-13,22:07:00,2022,Falcon 9,Starlink: Group 4-13 (53 satellites),16250,LEO,LEO (Starlink),Success,16250
2022-05-14,20:40:00,2022,Falcon 9,Starlink: Group 4-15 (53 satellites),16250,LEO,LEO (Starlink),Success,16250
2022-05-18,10:59:00,2022,Falcon 9,Starlink: Group 4-18 (53 satellites),16250,LEO,LEO (Starlink),Success,16250
2022-05-25,18:35:00,2022,Falcon 9,Transporter-5 (59 payload smallsat rideshare),,SSO,SSO (Other),Success,0
2022-06-08,21:03:00,2022,Falcon 9,Nilesat-301,4100,GTO,GTO/GEO,Success,4100
2022-06-17,16:09:00,2022,Falcon 9,Starlink: Group 4-19 (53 satellites),16250,LEO,LEO (Starlink),Success,16250
2022-06-18,14:19:00,2022,Falcon 9,SARah 1,4000,SSO,SSO (Other),Success,4000
2022-06-19,04:27:00,2022,Falcon 9,Globalstar-2 M087 (FM15) USA 328-331,700,LEO,LEO (Other),Success,700
2022-06-29,21:04:00,2022,Falcon 9,SES-22,3500,GTO,GTO/GEO,Success,3500
2022-07-07,13:11:00,2022,Falcon 9,Starlink: Group 4-21 (53 satellites),16250,LEO,LEO (Starlink),Success,16250
2022-07-11,01:39:00,2022,Falcon 9,Starlink: Group 3-1 (46 satellites),14100,SSO,SSO (Starlink),Success,14100
2022-07-15,00:44:00,2022,Falcon 9,SpaceX CRS-25 (Dragon C208.3),2668,LEO (ISS),LEO (Other),Success,2668
2022-07-17,14:20:00,2022,Falcon 9,Starlink: Group 4-22 (53 satellites),16250,LEO,LEO (Starlink),Success,16250
2022-07-22,17:39:00,2022,Falcon 9,Starlink: Group 3-2 (46 satellites),14100,SSO,SSO (Starlink),Success,14100
2022-07-24,13:38:00,2022,Falcon 9,Starlink: Group 4-25 (53 satellites),16250,LEO,LEO (Starlink),Success,16250
2022-08-04,23:08:00,2022,Falcon 9,Danuri (Korea Pathfinder Lunar Orbiter),679,BLT,BLT,Success,679
2022-08-10,02:14:00,2022,Falcon 9,Starlink: Group 4-26 (52 satellites),16000,LEO,LEO (Starlink),Success,16000
2022-08-12,21:40:00,2022,Falcon 9,Starlink: Group 3-3 (46 satellites),14100,SSO,SSO (Starlink),Success,14100
2022-08-19,19:21:00,2022,Falcon 9,Starlink: Group 4-27 (53 satellites),16250,LEO,LEO (Starlink),Success,16250
2022-08-28,03:41:00,2022,Falcon 9,Starlink: Group 4-23 (54 satellites),16700,LEO,LEO (Starlink),Success,16700
2022-08-31,05:40:00,2022,Falcon 9,Starlink: Group 3-4 (46 satellites),14200,SSO,SSO (Starlink),Success,14200
2022-09-05,02:09:00,2022,Falcon 9,Starlink: Group 4-20 (51 satellites)Sherpa-LTC2,16000,LEO,LEO (Starlink),Success,16000
2022-09-11,01:20:00,2022,Falcon 9,Starlink: Group 4-2 (34 satellites) BlueWalker-3,11938,LEO,LEO (Starlink),Success,11938
2022-09-19,00:18:00,2022,Falcon 9,Starlink: Group 4-34 (54 satellites),16700,LEO,LEO (Starlink),Success,16700
2022-09-24,23:32:00,2022,Falcon 9,Starlink: Group 4-35 (52 satellites),16100,LEO,LEO (Starlink),Success,16100
2022-10-05,16:00:00,2022,Falcon 9,Crew-5 (Crew Dragon C210.2 Endurance),13000,LEO (ISS),LEO (Other),Success,13000
2022-10-05,23:10:00,2022,Falcon 9,Starlink: Group 4-29 (52 satellites),16100,LEO,LEO (Starlink),Success,16100
2022-10-08,23:05:00,2022,Falcon 9,Galaxy 33 & 34,7350,GTO,GTO/GEO,Success,7350
2022-10-15,05:22:00,2022,Falcon 9,Hotbird 13F,4500,GTO,GTO/GEO,Success,4500
2022-10-20,14:50:00,2022,Falcon 9,Starlink: Group 4-36 (54 satellites),16700,LEO,LEO (Starlink),Success,16700
2022-10-28,01:14:00,2022,Falcon 9,Starlink: Group 4-31 (53 satellites),16400,LEO,LEO (Starlink),Success,16400
2022-11-01,13:41:00,2022,Falcon Heavy,USSF-44 (Shepherd Demonstration & LDPE-2),3750,GEO,GTO/GEO,Success,3750
2022-11-03,05:22:00,2022,Falcon 9,Hotbird 13G,4500,GTO,GTO/GEO,Success,4500
2022-11-12,16:06:00,2022,Falcon 9,Galaxy 31 and Galaxy 32 (2 satellites),6600,GTO,GTO/GEO,Success,6600
2022-11-23,02:57:00,2022,Falcon 9,Eutelsat 10B,5500,GTO,GTO/GEO,Success,5500
2022-11-26,19:20:00,2022,Falcon 9,SpaceX CRS-26 (Dragon C211.1),3528,LEO (ISS),LEO (Other),Success,3528
2022-12-08,22:27:00,2022,Falcon 9,OneWeb Flight #15 / SpaceX Flight 1 (40 satellites),6000,Polar LEO,LEO (Other),Success,6000
2022-12-11,07:38:00,2022,Falcon 9,Hakuto-R Mission 1 Emirates Lunar Mission Lunar Flashlight,1000,Ballistic lunar transfer (BLT),BLT,Success,1000
2022-12-16,11:46:00,2022,Falcon 9,Surface Water and Ocean Topography (SWOT),2200,LEO,LEO (Other),Success,2200
2022-12-16,22:48:00,2022,Falcon 9,O3b mPOWER 1 & 2,4100,MEO,MEO,Success,4100
2022-12-17,21:32:00,2022,Falcon 9,Starlink: Group 4-37 (54 satellites),16700,LEO,LEO (Starlink),Success,16700
2022-12-28,09:34:00,2022,Falcon 9,Starlink: Group 5-1 (54 satellites),16700,LEO,LEO (Starlink),Success,16700
2022-12-30,07:38:00,2022,Falcon 9,EROS-C3,400,Retrograde LEO,LEO (Other),Success,400
2023-01-03,14:56:00,2023,Falcon 9,Transporter-6 (115 payload smallsat rideshare),,SSO,SSO (Other),Success,0
2023-01-10,04:50:00,2023,Falcon 9,OneWeb 16 (40 satellites),6000,Polar LEO,LEO (Other),Success,6000
2023-01-15,22:56:00,2023,Falcon Heavy,USSF-67 (CBAS-2 & LDPE-3A),3750,GEO,GTO/GEO,Success,3750
2023-01-18,12:24:00,2023,Falcon 9,USA-343 (GPS-III SV06),4352,MEO,MEO,Success,4352
2023-01-19,15:43:00,2023,Falcon 9,Starlink: Group 2-4 (51 satellites),15000,LEO,LEO (Starlink),Success,15000
2023-01-26,09:32:00,2023,Falcon 9,Starlink: Group 5-2 (56 satellites),17400,LEO,LEO (Starlink),Success,17400
2023-01-31,16:15:00,2023,Falcon 9,Starlink: Group 2-6 (49 satellites),15200,LEO,LEO (Starlink),Success,15200
2023-02-02,07:58:00,2023,Falcon 9,Starlink: Group 5-3 (53 satellites),16500,LEO,LEO (Starlink),Success,16500
2023-02-07,01:32:00,2023,Falcon 9,Amazonas Nexus,4146,GTO,GTO/GEO,Success,4146
2023-02-12,05:10:00,2023,Falcon 9,Starlink: Group 5-4 (55 satellites),17100,LEO,LEO (Starlink),Success,17100
2023-02-17,19:12:00,2023,Falcon 9,Starlink: Group 2-5 (51 satellites),15900,LEO,LEO (Starlink),Success,15900
2023-02-18,03:59:00,2023,Falcon 9,Inmarsat-6 F2,5470,GTO,GTO/GEO,Success,5470
2023-02-27,23:13:00,2023,Falcon 9,Starlink: Group 6-1 (21 satellites),15300,LEO,LEO (Starlink),Success,15300
2023-03-02,05:34:00,2023,Falcon 9,Crew-6 (Crew Dragon C206.4 Endeavour),13000,LEO (ISS),LEO (Other),Success,13000
2023-03-03,18:38:00,2023,Falcon 9,Starlink: Group 2-7 (51 satellites),15900,LEO,LEO (Starlink),Success,15900
2023-03-09,19:13:00,2023,Falcon 9,OneWeb 17 (40 satellites),6000,LEO,LEO (Other),Success,6000
2023-03-15,00:30:00,2023,Falcon 9,SpaceX CRS-27 (Dragon C209.3),2852,LEO (ISS),LEO (Other),Success,2852
2023-03-17,19:26:00,2023,Falcon 9,Starlink: Group 2-8 (52 satellites),16200,LEO,LEO (Starlink),Success,16200
2023-03-17,23:38:00,2023,Falcon 9,SES-18 & SES-19,7000,GTO,GTO/GEO,Success,7000
2023-03-24,15:43:00,2023,Falcon 9,Starlink: Group 5-5 (56 satellites),17400,LEO,LEO (Starlink),Success,17400
2023-03-29,20:01:00,2023,Falcon 9,Starlink: Group 5-10 (56 satellites),17400,LEO,LEO (Starlink),Success,17400
2023-04-02,14:29:00,2023,Falcon 9,SDA Tranche 0A (10 satellites),,LEO,LEO (Other),Success,0
2023-04-07,04:30:00,2023,Falcon 9,Intelsat 40e,5588,GTO,GTO/GEO,Success,5588
2023-04-15,06:47:00,2023,Falcon 9,Transporter-7 (51 payload smallsat rideshare),,SSO,SSO (Other),Success,0
2023-04-19,14:31:00,2023,Falcon 9,Starlink: Group 6-2 (21 satellites),15300,LEO,LEO (Starlink),Success,15300
2023-04-20,13:33:00,2023,Block 1 Starship,Starship Test,,Transatmospheric,Transatmospheric,Failure,0
2023-04-27,13:40:00,2023,Falcon 9,Starlink: Group 3-5 (46 satellites),14100,SSO,SSO (Starlink),Success,14100
2023-04-28,22:12:00,2023,Falcon 9,O3b mPOWER 3 & 4,4100,MEO,MEO,Success,4100
2023-05-01,00:26:00,2023,Falcon Heavy,ViaSat-3 Americas,6400,GEO,GTO/GEO,Success,6400
2023-05-04,07:31:00,2023,Falcon 9,Starlink: Group 5-6 (56 satellites),17400,LEO,LEO (Starlink),Success,17400
2023-05-10,20:09:00,2023,Falcon 9,Starlink: Group 2-9 (51 satellites),15900,LEO,LEO (Starlink),Success,15900
2023-05-14,05:03:00,2023,Falcon 9,Starlink: Group 5-9 (56 satellites),17400,LEO,LEO (Starlink),Success,17400
2023-05-19,06:19:00,2023,Falcon 9,Starlink: Group 6-3 (22 satellites),16100,LEO,LEO (Starlink),Success,16100
2023-05-20,13:16:00,2023,Falcon 9,Iridium-NEXT (5 satellites) OneWeb (15 Gen1 plus a Gen2 test satellite),6600,Polar LEO,LEO (Other),Success,6600
2023-05-21,21:37:00,2023,Falcon 9,Ax-2 (Crew Dragon C212.2 Freedom),13000,LEO (ISS),LEO (Other),Success,13000
2023-05-27,04:30:00,2023,Falcon 9,ArabSat 7B (Badr-8),4500,GTO,GTO/GEO,Success,4500
2023-05-31,06:02:00,2023,Falcon 9,Starlink: Group 2-10 (52 satellites),16400,LEO,LEO (Starlink),Success,16400
2023-06-04,12:20:00,2023,Falcon 9,Starlink: Group 6-4 (22 satellites),16100,LEO,LEO (Starlink),Success,16100
2023-06-05,15:47:00,2023,Falcon 9,SpaceX CRS-28 (Dragon C208.4),3304,LEO (ISS),LEO (Other),Success,3304
2023-06-12,07:10:00,2023,Falcon 9,Starlink: Group 5-11 (52 satellites),16400,LEO,LEO (Starlink),Success,16400
2023-06-12,21:35:00,2023,Falcon 9,Transporter-8 (72 payload smallsat rideshare),,SSO,SSO (Other),Success,0
2023-06-18,22:21:00,2023,Falcon 9,SATRIA,4580,GTO,GTO/GEO,Success,4580
2023-06-22,07:19:00,2023,Falcon 9,Starlink: Group 5-7 (47 satellites),14500,LEO,LEO (Starlink),Success,14500
2023-06-23,15:35:00,2023,Falcon 9,Starlink: Group 5-12 (56 satellites),17400,LEO,LEO (Starlink),Success,17400
2023-07-01,15:12:00,2023,Falcon 9,Euclid,2160,Sun–Earth L2 injection,Other,Success,2160
2023-07-07,19:29:00,2023,Falcon 9,Starlink: Group 5-13 (48 satellites),14900,LEO,LEO (Starlink),Success,14900
2023-07-10,03:58:00,2023,Falcon 9,Starlink: Group 6-5 (22 satellites),16100,LEO,LEO (Starlink),Success,16100
2023-07-16,03:50:00,2023,Falcon 9,Starlink: Group 5-15 (54 satellites),16700,LEO,LEO (Starlink),Success,16700
2023-07-20,04:09:00,2023,Falcon 9,Starlink: Group 6-15 (15 satellites),12000,LEO,LEO (Starlink),Success,12000
2023-07-24,00:50:00,2023,Falcon 9,Starlink: Group 6-6 (22 satellites),16100,LEO,LEO (Starlink),Success,16100
2023-07-28,04:01:00,2023,Falcon 9,Starlink: Group 6-7 (22 satellites),16100,LEO,LEO (Starlink),Success,16100
2023-07-29,03:04:00,2023,Falcon Heavy,Jupiter-3 (EchoStar-24),9200,GTO,GTO/GEO,Success,9200
2023-08-03,05:00:00,2023,Falcon 9,Galaxy 37,5063,GTO,GTO/GEO,Success,5063
2023-08-07,02:41:00,2023,Falcon 9,Starlink: Group 6-8 (22 satellites),16100,LEO,LEO (Starlink),Success,16100
2023-08-08,03:57:00,2023,Falcon 9,Starlink: Group 6-20 (15 satellites),12000,LEO,LEO (Starlink),Success,12000
2023-08-11,05:17:00,2023,Falcon 9,Starlink: Group 6-9 (22 satellites),16100,LEO,LEO (Starlink),Success,16100
2023-08-17,03:36:00,2023,Falcon 9,Starlink: Group 6-10 (22 satellites),16100,LEO,LEO (Starlink),Success,16100
2023-08-22,09:37:00,2023,Falcon 9,Starlink: Group 7-1 (21 satellites),15300,LEO,LEO (Starlink),Success,15300
2023-08-26,07:27:00,2023,Falcon 9,Crew-7 (Crew Dragon C210.3 Endurance),13000,LEO (ISS),LEO (Other),Success,13000
2023-08-27,01:05:00,2023,Falcon 9,Starlink: Group 6-11 (22 satellites),16100,LEO,LEO (Starlink),Success,16100
2023-09-01,02:21:00,2023,Falcon 9,Starlink: Group 6-13 (22 satellites),16100,LEO,LEO (Starlink),Success,16100
2023-09-02,02:21:00,2023,Falcon 9,SDA Tranche 0B (13 satellites),,LEO,LEO (Other),Success,0
2023-09-04,02:47:00,2023,Falcon 9,Starlink: Group 6-12 (22 satellites),15300,LEO,LEO (Starlink),Success,15300
2023-09-09,03:12:00,2023,Falcon 9,Starlink: Group 6-14 (22 satellites),16100,LEO,LEO (Starlink),Success,16100
2023-09-12,06:57:00,2023,Falcon 9,Starlink: Group 7-2 (21 satellites),15300,LEO,LEO (Starlink),Success,15300
2023-09-16,03:38:00,2023,Falcon 9,Starlink: Group 6-16 (22 satellites),16100,LEO,LEO (Starlink),Success,16100
2023-09-20,03:38:00,2023,Falcon 9,Starlink: Group 6-17 (22 satellites),16100,LEO,LEO (Starlink),Success,16100
2023-09-24,03:38:00,2023,Falcon 9,Starlink: Group 6-18 (22 satellites),16100,LEO,LEO (Starlink),Success,16100
2023-09-25,08:48:00,2023,Falcon 9,Starlink: Group 7-3 (21 satellites),15300,LEO,LEO (Starlink),Success,15300
2023-09-30,02:00:00,2023,Falcon 9,Starlink: Group 6-19 (22 satellites),16100,LEO,LEO (Starlink),Success,16100
2023-10-05,05:36:00,2023,Falcon 9,Starlink: Group 6-21 (22 satellites),16100,LEO,LEO (Starlink),Success,16100
2023-10-09,07:23:00,2023,Falcon 9,Starlink: Group 7-4 (21 satellites),15300,LEO,LEO (Starlink),Success,15300
2023-10-13,14:19:00,2023,Falcon Heavy,Psyche,2608,Heliocentric,Heliocentric,Success,2608
2023-10-13,23:01:00,2023,Falcon 9,Starlink: Group 6-22 (22 satellites),16100,LEO,LEO (Starlink),Success,16100
2023-10-18,00:39:00,2023,Falcon 9,Starlink: Group 6-23 (22 satellites),16100,LEO,LEO (Starlink),Success,16100
2023-10-21,08:23:00,2023,Falcon 9,Starlink: Group 7-5 (21 satellites),15300,LEO,LEO (Starlink),Success,15300
2023-10-22,02:17:00,2023,Falcon 9,Starlink: Group 6-24 (23 satellites),16800,LEO,LEO (Starlink),Success,16800
2023-10-29,09:00:00,2023,Falcon 9,Starlink: Group 7-6 (22 satellites),16100,LEO,LEO (Starlink),Success,16100
2023-10-30,23:20:00,2023,Falcon 9,Starlink: Group 6-25 (23 satellites),16800,LEO,LEO (Starlink),Success,16800
2023-11-04,00:37:00,2023,Falcon 9,Starlink: Group 6-26 (23 satellites),16800,LEO,LEO (Starlink),Success,16800
2023-11-08,05:05:00,2023,Falcon 9,Starlink: Group 6-27 (23 satellites),16800,LEO,LEO (Starlink),Success,16800
2023-11-10,01:28:00,2023,Falcon 9,SpaceX CRS-29 (Dragon C211.2),9525,LEO (ISS),LEO (Other),Success,9525
2023-11-11,18:49:00,2023,Falcon 9,Transporter-9 (113 payload smallsat rideshare),,SSO,SSO (Other),Success,0
2023-11-12,21:08:00,2023,Falcon 9,O3b mPOWER 5 & 6,4100,MEO,MEO,Success,4100
2023-11-18,05:05:00,2023,Falcon 9,Starlink: Group 6-28 (23 satellites),16800,LEO,LEO (Starlink),Success,16800
2023-11-18,13:02:00,2023,Block 1 Starship,Starship Test,,Transatmospheric,Transatmospheric,Failure,0
2023-11-20,10:30:00,2023,Falcon 9,Starlink: Group 7-7 (22 satellites),16100,LEO,LEO (Starlink),Success,16100
2023-11-22,07:47:00,2023,Falcon 9,Starlink: Group 6-29 (23 satellites),16800,LEO,LEO (Starlink),Success,16800
2023-11-28,04:20:00,2023,Falcon 9,Starlink: Group 6-30 (23 satellites),16800,LEO,LEO (Starlink),Success,16800
2023-12-01,18:19:00,2023,Falcon 9,425 Project Flight 1 EIRSAT-1 and others 23 secondary payloads,800,SSO,SSO (Other),Success,800
2023-12-03,04:00:00,2023,Falcon 9,Starlink: Group 6-31 (23 satellites),16800,LEO,LEO (Starlink),Success,16800
2023-12-07,05:07:00,2023,Falcon 9,Starlink: Group 6-33 (23 satellites),16800,LEO,LEO (Starlink),Success,16800
2023-12-08,08:03:00,2023,Falcon 9,Starlink: Group 7-8 (22 satellites),16100,LEO,LEO (Starlink),Success,16100
2023-12-19,04:01:00,2023,Falcon 9,Starlink: Group 6-34 (23 satellites),16800,LEO,LEO (Starlink),Success,16800
2023-12-23,05:33:00,2023,Falcon 9,Starlink: Group 6-32 (23 satellites),16800,LEO,LEO (Starlink),Success,16800
2023-12-24,13:11:00,2023,Falcon 9,SARah 2 & 3,3600,SSO,SSO (Other),Success,3600
2023-12-29,01:07:00,2023,Falcon Heavy,USSF-52 (Boeing X-37B OTV-7),6350,High Elliptical HEO,Other,Success,6350
2023-12-29,04:01:00,2023,Falcon 9,Starlink: Group 6-36 (23 satellites),16800,LEO,LEO (Starlink),Success,16800
2024-01-03,03:44:00,2024,Falcon 9,Starlink: Group 7-9 (22 satellites),16800,LEO,LEO (Starlink),Success,16800
2024-01-03,23:04:00,2024,Falcon 9,Ovzon-3,1800,GTO,GTO/GEO,Success,1800
2024-01-07,22:35:00,2024,Falcon 9,Starlink: Group 6-35 (23 satellites),17100,LEO,LEO (Starlink),Success,17100
2024-01-14,08:59:00,2024,Falcon 9,Starlink: Group 7-10 (22 satellites),16700,LEO,LEO (Starlink),Success,16700
2024-01-15,01:52:00,2024,Falcon 9,Starlink: Group 6-37 (23 satellites),17100,LEO,LEO (Starlink),Success,17100
2024-01-18,21:49:00,2024,Falcon 9,Ax-3 (Crew Dragon C212-3 Freedom),13000,LEO (ISS),LEO (Other),Success,13000
2024-01-24,00:35:00,2024,Falcon 9,Starlink: Group 7-11 (22 satellites),16700,LEO,LEO (Starlink),Success,16700
2024-01-29,01:10:00,2024,Falcon 9,Starlink: Group 6-38 (23 satellites),17100,LEO,LEO (Starlink),Success,17100
2024-01-29,05:57:00,2024,Falcon 9,Starlink: Group 7-12 (22 satellites),16700,LEO,LEO (Starlink),Success,16700
2024-01-30,17:07:00,2024,Falcon 9,"CRS NG-20 (S.S. Patricia ""Patty"" Hilliard Robertson)",3726,LEO (ISS),LEO (Other),Success,3726
2024-02-08,06:33:00,2024,Falcon 9,PACE,1694,SSO,SSO (Other),Success,1694
2024-02-10,00:34:00,2024,Falcon 9,Starlink: Group 7-13 (22 satellites),16700,LEO,LEO (Starlink),Success,16700
2024-02-14,22:30:00,2024,Falcon 9,USSF-124 (6 satellites),,LEO,LEO (Other),Success,0
2024-02-15,06:05:00,2024,Falcon 9,IM-1 Nova-C Odysseus lander,1931,TLI,Other,Success,1931
2024-02-15,21:34:00,2024,Falcon 9,Starlink: Group 7-14 (22 satellites),16700,LEO,LEO (Starlink),Success,16700
2024-02-20,20:11:00,2024,Falcon 9,Telkomsat HTS 113BT,4000,GTO,GTO/GEO,Success,4000
2024-02-23,04:11:00,2024,Falcon 9,Starlink: Group 7-15 (22 satellites),16700,LEO,LEO (Starlink),Success,16700
2024-02-25,22:06:00,2024,Falcon 9,Starlink: Group 6-39 (24 satellites),17500,LEO,LEO (Starlink),Success,17500
2024-02-29,15:30:00,2024,Falcon 9,Starlink: Group 6-40 (23 satellites),17100,LEO,LEO (Starlink),Success,17100
2024-03-04,03:53:00,2024,Falcon 9,Crew-8 (Crew Dragon C206-5 Endeavour),13000,LEO (ISS),LEO (Other),Success,13000
2024-03-04,22:05:00,2024,Falcon 9,Transporter-10 (53 payload smallsat rideshare),,SSO,SSO (Other),Success,0
2024-03-04,23:56:00,2024,Falcon 9,Starlink: Group 6-41 (23 satellites),17100,LEO,LEO (Starlink),Success,17100
2024-03-10,23:05:00,2024,Falcon 9,Starlink: Group 6-43 (23 satellites),17100,LEO,LEO (Starlink),Success,17100
2024-03-11,04:09:00,2024,Falcon 9,Starlink: Group 7-17 (23 satellites),17100,LEO,LEO (Starlink),Success,17100
2024-03-14,13:25:00,2024,Block 1 Starship,Starship Test,,Suborbital,Transatmospheric,Success,0
2024-03-16,00:21:00,2024,Falcon 9,Starlink: Group 6-44 (23 satellites),17100,LEO,LEO (Starlink),Success,17100
2024-03-19,02:28:00,2024,Falcon 9,Starlink: Group 7-16 (20 satellites) + 2 Starshield satellites,16300,LEO,LEO (Starlink),Success,16300
2024-03-21,20:55:00,2024,Falcon 9,SpaceX CRS-30 (Dragon C209-4),2721,LEO (ISS),LEO (Other),Success,2721
2024-03-24,03:09:00,2024,Falcon 9,Starlink: Group 6-42 (23 satellites),17100,LEO,LEO (Starlink),Success,17100
2024-03-25,23:42:00,2024,Falcon 9,Starlink: Group 6-46 (23 satellites),17100,LEO,LEO (Starlink),Success,17100
2024-03-30,21:52:00,2024,Falcon 9,Eutelsat 36D,5000,GTO,GTO/GEO,Success,5000
2024-03-31,01:30:00,2024,Falcon 9,Starlink: Group 6-45 (23 satellites),17100,LEO,LEO (Starlink),Success,17100
2024-04-02,02:30:00,2024,Falcon 9,Starlink: Group 7-18 (22 satellites),16700,LEO,LEO (Starlink),Success,16700
2024-04-05,09:12:00,2024,Falcon 9,Starlink: Group 6-47 (23 satellites),17100,LEO,LEO (Starlink),Success,17100
2024-04-07,02:25:00,2024,Falcon 9,Starlink: Group 8-1 (21 satellites),16800,LEO,LEO (Starlink),Success,16800
2024-04-07,23:16:00,2024,Falcon 9,Bandwagon-1 (11 payload smallsat rideshare) 425 Project Flight 2,,LEO,LEO (Other),Success,0
2024-04-10,05:40:00,2024,Falcon 9,Starlink: Group 6-48 (23 satellites),17100,LEO,LEO (Starlink),Success,17100
2024-04-11,14:25:00,2024,Falcon 9,USSF-62 (WSF-M 1),1200,SSO,SSO (Other),Success,1200
2024-04-13,01:40:00,2024,Falcon 9,Starlink: Group 6-49 (23 satellites),17100,LEO,LEO (Starlink),Success,17100
2024-04-17,21:26:00,2024,Falcon 9,Starlink: Group 6-51 (23 satellites),17100,LEO,LEO (Starlink),Success,17100
2024-04-18,22:40:00,2024,Falcon 9,Starlink: Group 6-52 (23 satellites),17100,LEO,LEO (Starlink),Success,17100
2024-04-23,22:17:00,2024,Falcon 9,Starlink: Group 6-53 (23 satellites),17100,LEO,LEO (Starlink),Success,17100
2024-04-28,00:34:00,2024,Falcon 9,Galileo-L12 (FOC FM25 & FM27),1600,MEO,MEO,Success,1600
2024-04-28,22:08:00,2024,Falcon 9,Starlink: Group 6-54 (23 satellites),17100,LEO,LEO (Starlink),Success,17100
2024-05-02,18:36:00,2024,Falcon 9,WorldView Legion 1 & 2,1500,SSO,SSO (Other),Success,1500
2024-05-03,02:37:00,2024,Falcon 9,Starlink: Group 6-55 (23 satellites),17100,LEO,LEO (Starlink),Success,17100
2024-05-06,18:14:00,2024,Falcon 9,Starlink: Group 6-57 (23 satellites),17100,LEO,LEO (Starlink),Success,17100
2024-05-08,18:42:00,2024,Falcon 9,Starlink: Group 6-56 (23 satellites),17100,LEO,LEO (Starlink),Success,17100
2024-05-10,04:30:00,2024,Falcon 9,Starlink: Group 8-2 (20 satellites),16300,LEO,LEO (Starlink),Success,16300
2024-05-13,00:53:00,2024,Falcon 9,Starlink: Group 6-58 (23 satellites),17100,LEO,LEO (Starlink),Success,17100
2024-05-14,18:39:00,2024,Falcon 9,Starlink: Group 8-7 (20 satellites),16300,LEO,LEO (Starlink),Success,16300
2024-05-18,00:32:00,2024,Falcon 9,Starlink: Group 6-59 (23 satellites),17100,LEO,LEO (Starlink),Success,17100
2024-05-22,08:00:00,2024,Falcon 9,NROL-146 (21 Starshield satellites),,SSO,SSO (Other),Success,0
2024-05-23,02:35:00,2024,Falcon 9,Starlink: Group 6-62 (23 satellites),17100,LEO,LEO (Starlink),Success,17100
2024-05-24,02:45:00,2024,Falcon 9,Starlink: Group 6-63 (23 satellites),17100,LEO,LEO (Starlink),Success,17100
2024-05-28,14:24:00,2024,Falcon 9,Starlink: Group 6-60 (23 satellites),17100,LEO,LEO (Starlink),Success,17100
2024-05-28,22:20:00,2024,Falcon 9,EarthCARE,2350,SSO,SSO (Other),Success,2350
2024-06-01,02:37:00,2024,Falcon 9,Starlink: Group 6-64 (23 satellites),17100,LEO,LEO (Starlink),Success,17100
2024-06-05,02:16:00,2024,Falcon 9,Starlink: Group 8-5 (20 satellites),16300,LEO,LEO (Starlink),Success,16300
2024-06-06,12:50:00,2024,Block 1 Starship,Starship Test,,Suborbital,Transatmospheric,Success,0
2024-06-08,01:56:00,2024,Falcon 9,Starlink: Group 10-1 (22 satellites),16700,LEO,LEO (Starlink),Success,16700
2024-06-08,12:58:00,2024,Falcon 9,Starlink: Group 8-8 (20 satellites),16300,LEO,LEO (Starlink),Success,16300
2024-06-19,03:40:00,2024,Falcon 9,Starlink: Group 9-1 (20 satellites),16300,LEO,LEO (Starlink),Success,16300
2024-06-20,21:35:00,2024,Falcon 9,Astra 1P,5000,GTO,GTO/GEO,Success,5000
2024-06-23,17:15:00,2024,Falcon 9,Starlink: Group 10-2 (22 satellites),16700,LEO,LEO (Starlink),Success,16700
2024-06-24,03:47:00,2024,Falcon 9,Starlink: Group 9-2 (20 satellites),16300,LEO,LEO (Starlink),Success,16300
2024-06-25,21:26:00,2024,Falcon Heavy,GOES-U (GOES-19),5000,GTO,GTO/GEO,Success,5000
2024-06-27,11:14:00,2024,Falcon 9,Starlink: Group 10-3 (23 satellites),17100,LEO,LEO (Starlink),Success,17100
2024-06-29,03:14:00,2024,Falcon 9,NROL-186 (~21 Starshield satellites),,SSO,SSO (Other),Success,0
2024-07-03,08:55:00,2024,Falcon 9,Starlink: Group 8-9 (20 satellites),16300,LEO,LEO (Starlink),Success,16300
2024-07-08,23:30:00,2024,Falcon 9,Türksat 6A,4250,GTO,GTO/GEO,Success,4250
2024-07-12,02:35:00,2024,Falcon 9,Starlink: Group 9-3 (20 satellites),16300,LEO,LEO (Starlink),Failure,0
2024-07-27,05:45:00,2024,Falcon 9,Starlink: Group 10-9 (23 satellites),17100,LEO,LEO (Starlink),Success,17100
2024-07-28,05:09:00,2024,Falcon 9,Starlink: Group 10-4 (23 satellites),17100,LEO,LEO (Starlink),Success,17100
2024-07-28,09:22:00,2024,Falcon 9,Starlink: Group 9-4 (21 satellites),16500,LEO,LEO (Starlink),Success,16500
2024-08-02,05:01:00,2024,Falcon 9,Starlink: Group 10-6 (23 satellites),17100,LEO,LEO (Starlink),Success,17100
2024-08-04,07:24:00,2024,Falcon 9,Starlink: Group 11-1 (23 satellites),17100,LEO,LEO (Starlink),Success,17100
2024-08-04,15:02:00,2024,Falcon 9,"CRS NG-21 (S.S. Francis R. ""Dick"" Scobee)",3857,LEO (ISS),LEO (Other),Success,3857
2024-08-10,12:50:00,2024,Falcon 9,Starlink: Group 8-3 (21 satellites),16500,LEO,LEO (Starlink),Success,16500
2024-08-12,02:02:00,2024,Falcon 9,ASBM 1 (GX 10A) & ASBM 2 (GX 10B),7230,Molniya,Other,Success,7230
2024-08-12,10:37:00,2024,Falcon 9,Starlink: Group 10-7 (23 satellites),17100,LEO,LEO (Starlink),Success,17100
2024-08-15,13:00:00,2024,Falcon 9,WorldView Legion 3 & 4,1500,LEO,LEO (Other),Success,1500
2024-08-16,18:56:00,2024,Falcon 9,Transporter-11 (116 payload smallsat rideshare),,SSO,SSO (Other),Success,0
2024-08-20,13:20:00,2024,Falcon 9,Starlink: Group 10-5 (23 satellites),16700,LEO,LEO (Starlink),Success,16700
2024-08-28,07:48:00,2024,Falcon 9,Starlink: Group 8-6 (21 satellites),16700,LEO,LEO (Starlink),Success,16700
2024-08-31,07:43:00,2024,Falcon 9,Starlink: Group 8-10 (21 satellites),16700,LEO,LEO (Starlink),Success,16700
2024-08-31,08:48:00,2024,Falcon 9,Starlink: Group 9-5 (21 satellites),16700,LEO,LEO (Starlink),Success,16700
2024-09-05,15:33:00,2024,Falcon 9,Starlink: Group 8-11 (21 satellites),16700,LEO,LEO (Starlink),Success,16700
2024-09-06,03:20:00,2024,Falcon 9,NROL-113 (21 Starshield satellites),,LEO,LEO (Other),Success,0
2024-09-10,09:23:00,2024,Falcon 9,Polaris Dawn (Crew Dragon C207-3 Resilience),13000,LEO,LEO (Other),Success,13000
2024-09-12,08:52:00,2024,Falcon 9,BlueBird Block 1 (5 satellites),7500,LEO,LEO (Other),Success,7500
2024-09-13,01:45:00,2024,Falcon 9,Starlink: Group 9-6 (21 satellites),16700,LEO,LEO (Starlink),Success,16700
2024-09-17,22:50:00,2024,Falcon 9,Galileo-L13 (FOC FM26 & FM32),1600,MEO,MEO,Success,1600
2024-09-20,13:50:00,2024,Falcon 9,Starlink: Group 9-17 (20 satellites),16300,LEO,LEO (Starlink),Success,16300
2024-09-25,04:01:00,2024,Falcon 9,Starlink: Group 9-8 (20 satellites),16300,LEO,LEO (Starlink),Success,16300
2024-09-28,17:17:00,2024,Falcon 9,Crew-9 (Crew Dragon C212-4 Freedom),13000,LEO (ISS),LEO (Other),Success,13000
2024-10-07,14:52:00,2024,Falcon 9,Hera,1108,Heliocentric,Heliocentric,Success,1108
2024-10-13,12:25:00,2024,Block 1 Starship,Starship Test,,Suborbital,Transatmospheric,Success,0
2024-10-14,16:06:00,2024,Falcon Heavy,Europa Clipper,6065,Heliocentric,Heliocentric,Success,6065
2024-10-15,06:10:00,2024,Falcon 9,Starlink: Group 10-10 (23 satellites),17100,LEO,LEO (Starlink),Success,17100
2024-10-15,08:21:00,2024,Falcon 9,Starlink: Group 9-7 (20 satellites),16300,LEO,LEO (Starlink),Success,16300
2024-10-18,23:31:00,2024,Falcon 9,Starlink: Group 8-19 (20 satellites),16300,LEO,LEO (Starlink),Success,16300
2024-10-20,05:13:00,2024,Falcon 9,OneWeb #20 (20 satellites),2954,Polar LEO,LEO (Other),Success,2954
2024-10-23,21:47:00,2024,Falcon 9,Starlink: Group 6-61 (23 satellites),17100,LEO,LEO (Starlink),Success,17100
2024-10-24,17:13:00,2024,Falcon 9,NROL-167 (~17 Starshield satellites),,LEO,LEO (Other),Success,0
2024-10-26,21:47:00,2024,Falcon 9,Starlink: Group 10-8 (22 satellites),16700,LEO,LEO (Starlink),Success,16700
2024-10-30,12:07:00,2024,Falcon 9,Starlink: Group 9-9 (20 satellites),16300,LEO,LEO (Starlink),Success,16300
2024-10-30,21:10:00,2024,Falcon 9,Starlink: Group 10-13 (23 satellites),17100,LEO,LEO (Starlink),Success,17100
2024-11-05,02:29:00,2024,Falcon 9,SpaceX CRS-31 (Cargo Dragon C208-5),2762,LEO (ISS),LEO (Other),Success,2762
2024-11-07,20:19:00,2024,Falcon 9,Starlink: Group 6-77 (23 satellites),17100,LEO,LEO (Starlink),Success,17100
2024-11-09,06:14:00,2024,Falcon 9,Starlink: Group 9-10 (20 satellites),16300,LEO,LEO (Starlink),Success,16300
2024-11-11,17:22:00,2024,Falcon 9,Koreasat 6A,3500,GTO,GTO/GEO,Success,3500
2024-11-11,21:28:00,2024,Falcon 9,Starlink: Group 6-69 (24 satellites),17500,LEO,LEO (Starlink),Success,17500
2024-11-14,05:23:00,2024,Falcon 9,Starlink: Group 9-11 (20 satellites),16300,LEO,LEO (Starlink),Success,16300
2024-11-14,13:21:00,2024,Falcon 9,Starlink: Group 6-68 (24 satellites),17500,LEO,LEO (Starlink),Success,17500
2024-11-17,22:28:00,2024,Falcon 9,Optus-X/TD7,4000,GTO,GTO/GEO,Success,4000
2024-11-18,05:53:00,2024,Falcon 9,Starlink: Group 9-12 (20 satellites),16300,LEO,LEO (Starlink),Success,16300
2024-11-18,18:31:00,2024,Falcon 9,GSAT-20 (GSAT-N2),4700,GTO,GTO/GEO,Success,4700
2024-11-19,22:00:00,2024,Block 1 Starship,Plush banana,,Transatmospheric,Transatmospheric,Success,0
2024-11-21,16:07:00,2024,Falcon 9,Starlink: Group 6-66 (24 satellites),17500,LEO,LEO (Starlink),Success,17500
2024-11-24,05:25:00,2024,Falcon 9,Starlink: Group 9-13 (20 satellites),16300,LEO,LEO (Starlink),Success,16300
2024-11-25,10:02:00,2024,Falcon 9,Starlink: Group 12-1 (23 satellites),17100,LEO,LEO (Starlink),Success,17100
2024-11-27,04:41:00,2024,Falcon 9,Starlink: Group 6-76 (24 satellites),17500,LEO,LEO (Starlink),Success,17500
2024-11-30,05:00:00,2024,Falcon 9,Starlink: Group 6-65 (24 satellites),17500,LEO,LEO (Starlink),Success,17500
2024-11-30,08:10:00,2024,Falcon 9,NROL-126 (2 Starshield satellites) + Starlink: Group N-01 (20 satellites),16100,LEO,LEO (Starlink),Success,16100
2024-12-04,10:13:00,2024,Falcon 9,Starlink: Group 6-70 (24 satellites),17500,LEO,LEO (Starlink),Success,17500
2024-12-05,03:05:00,2024,Falcon 9,Starlink: Group 9-14 (20 satellites),16300,LEO,LEO (Starlink),Success,16300
2024-12-05,16:10:00,2024,Falcon 9,SXM-9,7000,GTO,GTO/GEO,Success,7000
2024-12-08,05:12:00,2024,Falcon 9,Starlink: Group 12-5 (23 satellites),17100,LEO,LEO (Starlink),Success,17100
2024-12-13,21:55:00,2024,Falcon 9,Starlink: Group 11-2 (22 satellites),16700,LEO,LEO (Starlink),Success,16700
2024-12-17,00:52:00,2024,Falcon 9,GPS III-7 (RRT-1),4350,MEO,MEO,Success,4350
2024-12-17,13:19:00,2024,Falcon 9,NROL-149 (22 Starshield satellites),,LEO,LEO (Other),Success,0
2024-12-17,22:26:00,2024,Falcon 9,O3b mPOWER 7 & 8,3400,MEO,MEO,Success,3400
2024-12-21,11:34:00,2024,Falcon 9,Bandwagon-2 (30 payload smallsat rideshare) 425 Project Flight 3,800,LEO,LEO (Other),Success,800
2024-12-23,05:35:00,2024,Falcon 9,Starlink: Group 12-2 (21 satellites),16500,LEO,LEO (Starlink),Success,16500
2024-12-29,01:58:00,2024,Falcon 9,Starlink: Group 11-3 (22 satellites),16700,LEO,LEO (Starlink),Success,16700
2024-12-29,05:00:00,2024,Falcon 9,Astranis: From One to Many (4 satellites),1600,GTO,GTO/GEO,Success,1600
2024-12-31,05:39:00,2024,Falcon 9,Starlink: Group 12-6 (21 satellites),16500,LEO,LEO (Starlink),Success,16500
2025-01-04,01:27:00,2025,Falcon 9,Thuraya 4-NGS,5000,GTO,GTO/GEO,Success,5000
2025-01-06,20:43:00,2025,Falcon 9,Starlink: Group 6‑71,17500,LEO,LEO (Starlink),Success,17500
2025-01-08,15:27:00,2025,Falcon 9,Starlink: Group 12-11 (21 satellites),16500,LEO,LEO (Starlink),Success,16500
2025-01-10,03:53:00,2025,Falcon 9,NROL-153 (22 Starshield satellites),,LEO,LEO (Other),Success,0
2025-01-10,19:11:00,2025,Falcon 9,Starlink: Group 12-12 (21 satellites),16500,LEO,LEO (Starlink),Success,16500
2025-01-13,16:47:00,2025,Falcon 9,Starlink: Group 12-4 (21 satellites),16500,LEO,LEO (Starlink),Success,16500
2025-01-14,19:09:00,2025,Falcon 9,Transporter-12 (131 payload smallsat rideshare),2000,SSO,SSO (Other),Success,2000
2025-01-15,06:11:00,2025,Falcon 9,Blue Ghost Mission 1,2517,TLI,Other,Success,2517
2025-01-16,22:37:00,2025,Block 2 Starship,10 Starlink simulator satellites,20000,Transatmospheric,Transatmospheric,Failure,0
2025-01-21,05:24:00,2025,Falcon 9,Starlink: Group 13-1 (21 satellites) + 2 Starshield satellites,15300,LEO,LEO (Starlink),Success,15300
2025-01-21,15:45:00,2025,Falcon 9,Starlink: Group 11-8 (27 satellites),15500,LEO,LEO (Starlink),Success,15500
2025-01-24,14:07:00,2025,Falcon 9,Starlink: Group 11-6 (23 satellites),17100,LEO,LEO (Starlink),Success,17100
2025-01-27,22:05:00,2025,Falcon 9,Starlink: Group 12-7 (21 satellites),16500,LEO,LEO (Starlink),Success,16500
2025-01-30,01:34:00,2025,Falcon 9,Spainsat NG I,6100,GTO,GTO/GEO,Success,6100
2025-02-01,23:02:00,2025,Falcon 9,Starlink: Group 11-4,16700,LEO,LEO (Starlink),Success,16700
2025-02-04,10:15:00,2025,Falcon 9,Starlink: Group 12-3 (21 satellites),16500,LEO,LEO (Starlink),Success,16500
2025-02-04,23:13:00,2025,Falcon 9,WorldView Legion 5 & 6 (2 satellites),1500,LEO,LEO (Other),Success,1500
2025-02-08,19:18:00,2025,Falcon 9,Starlink: Group 12-9 (21 satellites),16500,LEO,LEO (Starlink),Success,16500
2025-02-11,02:09:00,2025,Falcon 9,Starlink: Group 11-10,17100,LEO,LEO (Starlink),Success,17100
2025-02-11,18:53:00,2025,Falcon 9,Starlink: Group 12-18 (21 satellites),16500,LEO,LEO (Starlink),Success,16500
2025-02-15,06:14:00,2025,Falcon 9,Starlink: Group 12-8,16500,LEO,LEO (Starlink),Success,16500
2025-02-18,23:21:00,2025,Falcon 9,Starlink: Group 10-12 (23 satellites),17100,LEO,LEO (Starlink),Success,17100
2025-02-21,15:19:00,2025,Falcon 9,Starlink: Group 12-14 (23 satellites),17100,LEO,LEO (Starlink),Success,17100
2025-02-23,01:38:00,2025,Falcon 9,Starlink: Group 15-1 (22 satellites),16800,LEO,LEO (Starlink),Success,16800
2025-02-27,00:16:00,2025,Falcon 9,"IM-2 Nova-C ""Athena"" lunar lander Lunar Trailblazer Brokkr-2 Odin Chimera-1 TBD",,TLI,Other,Success,0
2025-02-27,03:34:00,2025,Falcon 9,Starlink: Group 12-13 (21 satellites),16500,LEO,LEO (Starlink),Success,16500
2025-03-03,02:24:00,2025,Falcon 9,Starlink: Group 12-20 (21 satellites),16500,LEO,LEO (Starlink),Success,16500
2025-03-06,23:31:00,2025,Block 2 Starship,4 Starlink simulator satellites,8000,Transatmospheric,Transatmospheric,Failure,0
2025-03-12,03:10:00,2025,Falcon 9,SPHEREx PUNCH,758,SSO,SSO (Other),Success,758
2025-03-13,02:35:00,2025,Falcon 9,Starlink: Group 12-21,16500,LEO,LEO (Starlink),Success,16500
2025-03-14,23:03:00,2025,Falcon 9,Crew-10 (Crew Dragon C210-4 Endurance),13000,LEO (ISS),LEO (Other),Success,13000
2025-03-15,06:43:00,2025,Falcon 9,Transporter-13 (74 payload smallsat rideshare),,SSO,SSO (Other),Success,0
2025-03-15,11:35:00,2025,Falcon 9,Starlink: Group 12-16,17100,LEO,LEO (Starlink),Success,17100
2025-03-18,19:57:00,2025,Falcon 9,Starlink: Group 12-25,17100,LEO,LEO (Starlink),Success,17100
2025-03-21,06:49:00,2025,Falcon 9,NROL-57 (~11 Starshield satellites),,LEO,LEO (Other),Success,0
2025-03-24,17:48:00,2025,Falcon 9,NROL-69,,LEO,LEO (Other),Success,0
2025-03-26,22:11:00,2025,Falcon 9,Starlink: Group 11-7,15500,LEO,LEO (Starlink),Success,15500
2025-03-31,19:52:00,2025,Falcon 9,Starlink: Group 6-80,16100,LEO,LEO (Starlink),Success,16100
2025-04-01,01:46:00,2025,Falcon 9,Fram2 (Crew Dragon C207-4 Resilience),13000,Polar (Retrograde),LEO (Other),Success,13000
2025-04-04,01:02:00,2025,Falcon 9,Starlink: Group 11-13,15500,LEO,LEO (Starlink),Success,15500
2025-04-06,03:07:00,2025,Falcon 9,Starlink: Group 6-72,16100,LEO,LEO (Starlink),Success,16100
2025-04-07,23:06:00,2025,Falcon 9,Starlink: Group 11-11,15500,LEO,LEO (Starlink),Success,15500
2025-04-12,12:25:00,2025,Falcon 9,NROL-192 (22 Starshield satellites),,LEO,LEO (Other),Success,0
2025-04-13,00:53:00,2025,Falcon 9,Starlink: Group 12-17,16500,LEO,LEO (Starlink),Success,16500
2025-04-14,04:00:00,2025,Falcon 9,Starlink: Group 6-73,15500,LEO,LEO (Starlink),Success,15500
2025-04-20,12:29:00,2025,Falcon 9,NROL-145 (22 Starshield satellites),,LEO,LEO (Other),Success,0
2025-04-21,08:15:00,2025,Falcon 9,SpaceX CRS-32 (Cargo Dragon C209-5),3021,LEO (ISS),LEO (Other),Success,3021
2025-04-22,00:48:00,2025,Falcon 9,"Bandwagon-3 (425Sat-3, Tomorrow-S7, PHOENIX)",,LEO,LEO (Other),Success,0
2025-04-25,01:52:00,2025,Falcon 9,Starlink: Group 6-74,16100,LEO,LEO (Starlink),Success,16100
2025-04-28,02:09:00,2025,Falcon 9,Starlink: Group 12-23,17100,LEO,LEO (Starlink),Success,17100
2025-04-28,20:42:00,2025,Falcon 9,Starlink: Group 11-9,15500,LEO,LEO (Starlink),Success,15500
2025-04-29,02:34:00,2025,Falcon 9,Starlink: Group 12-10,17100,LEO,LEO (Starlink),Success,17100
2025-05-02,01:51:00,2025,Falcon 9,Starlink: Group 6-75,16100,LEO,LEO (Starlink),Success,16100
2025-05-04,08:54:00,2025,Falcon 9,Starlink: Group 6-84,16675,LEO,LEO (Starlink),Success,16675
2025-05-07,01:17:00,2025,Falcon 9,Starlink: Group 6-93,16100,LEO,LEO (Starlink),Success,16100
2025-05-10,00:19:00,2025,Falcon 9,Starlink: Group 15-3,14950,LEO,LEO (Starlink),Success,14950
2025-05-10,06:28:00,2025,Falcon 9,Starlink: Group 6-91,16100,LEO,LEO (Starlink),Success,16100
2025-05-13,01:15:00,2025,Falcon 9,Starlink: Group 15-4,14950,LEO,LEO (Starlink),Success,14950
2025-05-13,05:02:00,2025,Falcon 9,Starlink: Group 6-83,16100,LEO,LEO (Starlink),Success,16100
2025-05-14,16:38:00,2025,Falcon 9,Starlink: Group 6-67,16100,LEO,LEO (Starlink),Success,16100
2025-05-16,13:43:00,2025,Falcon 9,Starlink: Group 15-5,14950,LEO,LEO (Starlink),Success,14950
2025-05-21,03:19:00,2025,Falcon 9,Starlink: Group 12-15,17100,LEO,LEO (Starlink),Success,17100
2025-05-23,22:32:00,2025,Falcon 9,Starlink: Group 11-16,15500,LEO,LEO (Starlink),Success,15500
2025-05-24,17:19:00,2025,Falcon 9,Starlink: Group 12-22,17100,LEO,LEO (Starlink),Success,17100
2025-05-27,16:57:00,2025,Falcon 9,Starlink: Group 17-1,17500,SSO,SSO (Starlink),Success,17500
2025-05-27,23:36:00,2025,Block 2 Starship,8 Starlink simulator satellites,16000,Transatmospheric,Transatmospheric,Failure,0
2025-05-28,13:30:00,2025,Falcon 9,Starlink: Group 10-32,15500,LEO,LEO (Starlink),Success,15500
2025-05-30,17:37:00,2025,Falcon 9,GPS III-8,4350,MEO,MEO,Success,4350
2025-05-31,20:10:00,2025,Falcon 9,Starlink: Group 11-18,15500,LEO,LEO (Starlink),Success,15500
2025-06-03,04:43:00,2025,Falcon 9,Starlink: Group 12-19,17100,LEO,LEO (Starlink),Success,17100
2025-06-04,23:40:00,2025,Falcon 9,Starlink: Group 11-22,15500,LEO,LEO (Starlink),Success,15500
2025-06-07,04:54:00,2025,Falcon 9,SXM-10,6400,GTO,GTO/GEO,Success,6400
2025-06-08,14:20:00,2025,Falcon 9,Starlink: Group 15-8,14950,LEO,LEO (Starlink),Success,14950
2025-06-10,13:05:00,2025,Falcon 9,Starlink: Group 12-24,17100,LEO,LEO (Starlink),Success,17100
2025-06-13,01:54:00,2025,Falcon 9,Starlink: Group 15-6,14950,LEO,LEO (Starlink),Success,14950
2025-06-13,15:29:00,2025,Falcon 9,Starlink: Group 12-26,17100,LEO,LEO (Starlink),Success,17100
2025-06-17,03:36:00,2025,Falcon 9,Starlink: Group 15-9,14950,LEO,LEO (Starlink),Success,14950
2025-06-18,05:55:00,2025,Falcon 9,Starlink: Group 10-18,16100,LEO,LEO (Starlink),Success,16100
2025-06-23,05:58:00,2025,Falcon 9,Starlink: Group 10-23,15500,LEO,LEO (Starlink),Success,15500
2025-06-23,21:25:00,2025,Falcon 9,Transporter-14 (70 payloads smallsat rideshare),,SSO,SSO (Other),Success,0
2025-06-25,06:31:00,2025,Falcon 9,Axiom Mission 4 (Crew Dragon C213-1 Grace),13000,LEO (ISS),LEO (Other),Success,13000
2025-06-25,19:54:00,2025,Falcon 9,Starlink: Group 10-16,15500,LEO,LEO (Starlink),Success,15500
2025-06-28,04:26:00,2025,Falcon 9,Starlink: Group 10-34,15500,LEO,LEO (Starlink),Success,15500
2025-06-28,17:13:00,2025,Falcon 9,Starlink: Group 15-7,14950,LEO,LEO (Starlink),Success,14950
2025-07-01,21:04:00,2025,Falcon 9,MTG-S1 / Sentinel-4A,3800,GTO,GTO/GEO,Success,3800
2025-07-02,06:28:00,2025,Falcon 9,Starlink: Group 10-25,15500,LEO,LEO (Starlink),Success,15500
2025-07-08,08:21:00,2025,Falcon 9,Starlink: Group 10-28,16100,LEO,LEO (Starlink),Success,16100
2025-07-13,05:04:00,2025,Falcon 9,Dror-1,4000,GTO,GTO/GEO,Success,4000
2025-07-16,02:05:00,2025,Falcon 9,Starlink: Group 15-2,14950,LEO,LEO (Starlink),Success,14950
2025-07-16,06:30:00,2025,Falcon 9,KuiperSat × 24 (KF-01),14784,LEO,LEO (Other),Success,14784
2025-07-19,03:52:00,2025,Falcon 9,Starlink: Group 17-3,17500,SSO,SSO (Starlink),Success,17500
2025-07-22,21:12:00,2025,Falcon 9,O3b mPOWER 9 & 10,3400,MEO,MEO,Success,3400
2025-07-23,18:13:00,2025,Falcon 9,TRACERS (2 satellites) + 5 rideshares,920,SSO,SSO (Other),Success,920
2025-07-26,09:01:00,2025,Falcon 9,Starlink: Group 10-26,16100,LEO,LEO (Starlink),Success,16100
2025-07-27,04:31:00,2025,Falcon 9,Starlink: Group 17-2,17500,SSO,SSO (Starlink),Success,17500
2025-07-30,03:37:00,2025,Falcon 9,Starlink: Group 10-29,16100,LEO,LEO (Starlink),Success,16100
2025-07-31,18:35:00,2025,Falcon 9,Starlink: Group 13-4 + 2 Starshield satellites,14060,SSO,SSO (Starlink),Success,14060
2025-08-01,15:43:00,2025,Falcon 9,Crew-11 (Crew Dragon C206-6 Endeavour),13000,LEO (ISS),LEO (Other),Success,13000
2025-08-04,07:57:00,2025,Falcon 9,Starlink: Group 10-30,16100,LEO,LEO (Starlink),Success,16100
2025-08-11,12:35:00,2025,Falcon 9,KuiperSat × 24 (KF-02),14784,LEO,LEO (Other),Success,14784
2025-08-14,05:05:00,2025,Falcon 9,Starlink: Group 17-4,17500,SSO,SSO (Starlink),Success,17500
2025-08-14,12:29:00,2025,Falcon 9,Starlink: Group 10-20,16100,LEO,LEO (Starlink),Success,16100
2025-08-18,16:26:00,2025,Falcon 9,Starlink: Group 17-5,17500,SSO,SSO (Starlink),Success,17500
2025-08-22,03:50:00,2025,Falcon 9,USSF-36 (Boeing X-37B OTV-8),4990,LEO,LEO (Other),Success,4990
2025-08-22,17:04:00,2025,Falcon 9,Starlink: Group 17-6,17500,SSO,SSO (Starlink),Success,17500
2025-08-24,06:45:00,2025,Falcon 9,SpaceX CRS-33 (Dragon C211-3),2300,LEO (ISS),LEO (Other),Success,2300
2025-08-26,18:53:00,2025,Falcon 9,NAOS + 7 rideshares,1370,SSO,SSO (Other),Success,1370
2025-08-26,23:30:00,2025,Block 2 Starship,8 Starlink simulator satellites,16000,Transatmospheric,Transatmospheric,Success,16000
2025-08-27,11:10:00,2025,Falcon 9,Starlink: Group 10-56,16100,LEO,LEO (Starlink),Success,16100
2025-08-28,08:12:00,2025,Falcon 9,Starlink: Group 10-11,16100,LEO,LEO (Starlink),Success,16100
2025-08-30,04:59:00,2025,Falcon 9,Starlink: Group 17-7,17500,SSO,SSO (Starlink),Success,17500
2025-08-31,11:49:00,2025,Falcon 9,Starlink: Group 10-14,16100,LEO,LEO (Starlink),Success,16100
2025-09-03,03:51:00,2025,Falcon 9,Starlink: Group 17-8,17500,SSO,SSO (Starlink),Success,17500
2025-09-03,11:56:00,2025,Falcon 9,Starlink: Group 10-22,16100,LEO,LEO (Starlink),Success,16100
2025-09-05,12:32:00,2025,Falcon 9,Starlink: Group 10-57,16100,LEO,LEO (Starlink),Success,16100
2025-09-06,18:06:00,2025,Falcon 9,Starlink: Group 17-9,17500,SSO,SSO (Starlink),Success,17500
2025-09-10,14:12:00,2025,Falcon 9,SDA Tranche 1 Transport Layer B (21 satellites),,Polar LEO,LEO (Other),Success,0
2025-09-12,01:56:00,2025,Falcon 9,Nusantara Lima,7800,GTO,GTO/GEO,Success,7800
2025-09-13,17:55:00,2025,Falcon 9,Starlink: Group 17-10,17500,SSO,SSO (Starlink),Success,17500
2025-09-14,22:11:00,2025,Falcon 9,"CRS NG-23 (S.S. William ""Willie"" C. McCool)",5000,LEO (ISS),LEO (Other),Success,5000
2025-09-18,09:30:00,2025,Falcon 9,Starlink: Group 10-61,16100,LEO,LEO (Starlink),Success,16100
2025-09-19,16:31:00,2025,Falcon 9,Starlink: Group 17-12,17500,SSO,SSO (Starlink),Success,17500
2025-09-21,10:53:00,2025,Falcon 9,Starlink: Group 10-27,16100,LEO,LEO (Starlink),Success,16100
2025-09-22,17:38:00,2025,Falcon 9,NROL-48 (8 Starshield satellites),,LEO,LEO (Other),Success,0
2025-09-24,11:30:00,2025,Falcon 9,Interstellar Mapping and Acceleration Probe (IMAP),1477,Sun–Earth L1,Other,Success,1477
2025-09-25,08:39:00,2025,Falcon 9,Starlink: Group 10-15,16100,LEO,LEO (Starlink),Success,16100
2025-09-26,04:26:00,2025,Falcon 9,Starlink: Group 17-11,17500,SSO,SSO (Starlink),Success,17500
2025-09-29,02:04:00,2025,Falcon 9,Starlink: Group 11-20,16100,LEO,LEO (Starlink),Success,16100
2025-10-03,14:06:00,2025,Falcon 9,Starlink: Group 11-39,16100,LEO,LEO (Starlink),Success,16100
2025-10-07,06:46:00,2025,Falcon 9,Starlink: Group 10-59,16100,LEO,LEO (Starlink),Success,16100
2025-10-08,03:54:00,2025,Falcon 9,Starlink: Group 11-17,16100,LEO,LEO (Starlink),Success,16100
2025-10-13,23:23:00,2025,Block 2 Starship,8 Starlink simulator satellites,16000,Transatmospheric,Transatmospheric,Success,16000
2025-10-14,01:58:00,2025,Falcon 9,KuiperSat × 24 (KF-03),14784,LEO,LEO (Other),Success,14784
2025-10-15,23:06:00,2025,Falcon 9,SDA Tranche 1 Transport Layer C (21 satellites),,Polar LEO,LEO (Other),Success,0
2025-10-16,09:27:00,2025,Falcon 9,Starlink: Group 10-52,16100,LEO,LEO (Starlink),Success,16100
2025-10-19,17:39:00,2025,Falcon 9,Starlink: Group 10-17,16100,LEO,LEO (Starlink),Success,16100
2025-10-19,19:24:00,2025,Falcon 9,Starlink: Group 11-19,16100,LEO,LEO (Starlink),Success,16100
2025-10-22,14:16:00,2025,Falcon 9,Starlink: Group 11-5,16100,LEO,LEO (Starlink),Success,16100
2025-10-24,01:30:00,2025,Falcon 9,Spainsat NG II,6100,GTO,GTO/GEO,Success,6100
2025-10-25,14:20:00,2025,Falcon 9,Starlink: Group 11-12,16100,LEO,LEO (Starlink),Success,16100
2025-10-26,15:00:00,2025,Falcon 9,Starlink: Group 10-21,16100,LEO,LEO (Starlink),Success,16100
2025-10-28,00:43:00,2025,Falcon 9,Starlink: Group 11-21,16100,LEO,LEO (Starlink),Success,16100
2025-10-29,16:35:00,2025,Falcon 9,Starlink: Group 10-37,16675,LEO,LEO (Starlink),Success,16675
2025-10-31,20:41:00,2025,Falcon 9,Starlink: Group 11-23,16100,LEO,LEO (Starlink),Success,16100
2025-11-02,05:09:00,2025,Falcon 9,Bandwagon-4 (18 payloads smallsat rideshare),,LEO,LEO (Other),Success,0
2025-11-06,01:31:00,2025,Falcon 9,Starlink: Group 6-81,16675,LEO,LEO (Starlink),Success,16675
2025-11-06,21:13:00,2025,Falcon 9,Starlink: Group 11-14,16100,LEO,LEO (Starlink),Success,16100
2025-11-09,08:10:00,2025,Falcon 9,Starlink: Group 10-51,16675,LEO,LEO (Starlink),Success,16675
2025-11-11,03:21:00,2025,Falcon 9,Starlink: Group 6-87,16675,LEO,LEO (Starlink),Success,16675
2025-11-15,03:08:00,2025,Falcon 9,Starlink: Group 6-89,16675,LEO,LEO (Starlink),Success,16675
2025-11-15,06:44:00,2025,Falcon 9,Starlink: Group 6-85,16675,LEO,LEO (Starlink),Success,16675
2025-11-17,05:21:00,2025,Falcon 9,Sentinel-6B,1440,LEO,LEO (Other),Success,1440
2025-11-19,00:12:00,2025,Falcon 9,Starlink: Group 6-94,16675,LEO,LEO (Starlink),Success,16675
2025-11-21,03:39:00,2025,Falcon 9,Starlink: Group 6-78,16675,LEO,LEO (Starlink),Success,16675
2025-11-22,07:53:00,2025,Falcon 9,Starlink: Group 6-79,16675,LEO,LEO (Starlink),Success,16675
2025-11-23,08:48:00,2025,Falcon 9,Starlink: Group 11-30,16100,LEO,LEO (Starlink),Success,16100
2025-11-28,18:44:00,2025,Falcon 9,Transporter-15 (140 payloads smallsat rideshare),,SSO,SSO (Other),Success,0
2025-12-01,07:44:00,2025,Falcon 9,Starlink: Group 6-86,16675,LEO,LEO (Starlink),Success,16675
2025-12-02,05:28:00,2025,Falcon 9,Starlink: Group 15-10,15525,LEO,LEO (Starlink),Success,15525
2025-12-02,22:18:00,2025,Falcon 9,Starlink: Group 6-95,16675,LEO,LEO (Starlink),Success,16675
2025-12-04,20:42:00,2025,Falcon 9,Starlink: Group 11-25,16100,LEO,LEO (Starlink),Success,16100
2025-12-07,17:58:00,2025,Falcon 9,Starlink: Group 11-15,16100,LEO,LEO (Starlink),Success,16100
2025-12-08,22:26:00,2025,Falcon 9,Starlink: Group 6-92,16675,LEO,LEO (Starlink),Success,16675
2025-12-09,19:16:00,2025,Falcon 9,NROL-77,,LEO,LEO (Other),Success,0
2025-12-10,11:40:00,2025,Falcon 9,Starlink: Group 15-11,15525,LEO,LEO (Starlink),Success,15525
2025-12-11,22:01:00,2025,Falcon 9,Starlink: Group 6-90,16675,LEO,LEO (Starlink),Success,16675
2025-12-14,05:49:00,2025,Falcon 9,Starlink: Group 15-12,15525,LEO,LEO (Starlink),Success,15525
2025-12-15,05:25:00,2025,Falcon 9,Starlink: Group 6-82,16675,LEO,LEO (Starlink),Success,16675
2025-12-17,13:42:00,2025,Falcon 9,Starlink: Group 6-99,16675,LEO,LEO (Starlink),Success,16675
2025-12-17,15:27:00,2025,Falcon 9,Starlink: Group 15-13,15525,LEO,LEO (Starlink),Success,15525
2026-01-03,02:09:00,2026,Falcon 9,CSG-3,2230,SSO,SSO (Other),Success,2230
2026-01-04,06:48:00,2026,Falcon 9,Starlink: Group 6-88,16675,LEO,LEO (Starlink),Success,16675
2026-01-09,21:41:00,2026,Falcon 9,Starlink: Group 6-96,16675,LEO,LEO (Starlink),Success,16675
2026-01-11,13:44:00,2026,Falcon 9,Twilight (Pandora and others 39 payloads),325,SSO,SSO (Other),Success,325
2026-01-12,21:08:00,2026,Falcon 9,Starlink: Group 6-97,16675,LEO,LEO (Starlink),Success,16675
2026-01-14,18:08:00,2026,Falcon 9,Starlink: Group 6-98,16675,LEO,LEO (Starlink),Success,16675
2026-01-17,04:39:00,2026,Falcon 9,NROL-105 (9 Starshield satellites),,LEO,LEO (Other),Success,0
2026-01-18,23:31:00,2026,Falcon 9,Starlink: Group 6-100,16675,LEO,LEO (Starlink),Success,16675
2026-01-22,05:47:00,2026,Falcon 9,Starlink: Group 17-30,14375,SSO,SSO (Starlink),Success,14375
2026-01-25,17:30:00,2026,Falcon 9,Starlink: Group 17-20,14375,SSO,SSO (Starlink),Success,14375
2026-01-28,04:53:00,2026,Falcon 9,GPS III-9,4350,MEO,MEO,Success,4350
2026-01-29,17:53:00,2026,Falcon 9,Starlink: Group 17-19,14375,SSO,SSO (Starlink),Success,14375
2026-01-30,07:22:00,2026,Falcon 9,Starlink: Group 6-101,16675,LEO,LEO (Starlink),Success,16675
2026-02-02,15:47:00,2026,Falcon 9,Starlink: Group 17-32,14375,SSO,SSO (Starlink),Success,14375
2026-02-07,20:58:00,2026,Falcon 9,Starlink: Group 17-33,14375,SSO,SSO (Starlink),Success,14375
2026-02-11,17:11:00,2026,Falcon 9,Starlink: Group 17-34,13800,SSO,SSO (Starlink),Success,13800
2026-02-13,10:15:00,2026,Falcon 9,Crew-12 (Crew Dragon C212-5 Freedom),13000,LEO (ISS),LEO (Other),Success,13000
2026-02-15,01:59:00,2026,Falcon 9,Starlink: Group 17-13,13800,SSO,SSO (Starlink),Success,13800
2026-02-16,07:59:00,2026,Falcon 9,Starlink: Group 6-103,16675,LEO,LEO (Starlink),Success,16675
2026-02-20,01:41:00,2026,Falcon 9,Starlink: Group 10-36,16675,LEO,LEO (Starlink),Success,16675
2026-02-21,09:04:00,2026,Falcon 9,Starlink: Group 17-25,14375,SSO,SSO (Starlink),Success,14375
2026-02-22,03:47:00,2026,Falcon 9,Starlink: Group 6-104,16100,LEO,LEO (Starlink),Success,16100
2026-02-24,23:04:00,2026,Falcon 9,Starlink: Group 6-110,16675,LEO,LEO (Starlink),Success,16675
2026-02-25,14:17:00,2026,Falcon 9,Starlink: Group 17-26,14375,SSO,SSO (Starlink),Success,14375
2026-02-27,12:16:00,2026,Falcon 9,Starlink: Group 6-108,16675,LEO,LEO (Starlink),Success,16675
2026-03-01,10:10:00,2026,Falcon 9,Starlink: Group 17-23,14375,SSO,SSO (Starlink),Success,14375
2026-03-02,02:56:00,2026,Falcon 9,Starlink: Group 10-41,16675,LEO,LEO (Starlink),Success,16675
2026-03-04,10:52:00,2026,Falcon 9,Starlink: Group 10-40,16675,LEO,LEO (Starlink),Success,16675
2026-03-08,11:00:00,2026,Falcon 9,Starlink: Group 17-18,14375,SSO,SSO (Starlink),Success,14375
2026-03-10,04:19:00,2026,Falcon 9,EchoStar XXV,6800,GTO,GTO/GEO,Success,6800
2026-03-13,14:57:00,2026,Falcon 9,Starlink: Group 17-31,14375,SSO,SSO (Starlink),Success,14375
2026-03-14,12:37:00,2026,Falcon 9,Starlink: Group 10-48,16675,LEO,LEO (Starlink),Success,16675
2026-03-17,05:19:00,2026,Falcon 9,Starlink: Group 17-24,14375,SSO,SSO (Starlink),Success,14375
2026-03-17,13:27:00,2026,Falcon 9,Starlink: Group 10-46,16675,LEO,LEO (Starlink),Success,16675
2026-03-19,14:20:00,2026,Falcon 9,Starlink: Group 10-33,16675,LEO,LEO (Starlink),Success,16675
2026-03-20,21:51:00,2026,Falcon 9,Starlink: Group 17-15,14375,SSO,SSO (Starlink),Success,14375
2026-03-22,14:47:00,2026,Falcon 9,Starlink: Group 10-62,16675,LEO,LEO (Starlink),Success,16675
2026-03-26,23:03:00,2026,Falcon 9,Starlink: Group 17-17,14375,SSO,SSO (Starlink),Success,14375
2026-03-30,11:02:00,2026,Falcon 9,Transporter-16 (119 payloads smallsat rideshare),,SSO,SSO (Other),Success,0
2026-03-30,21:15:00,2026,Falcon 9,Starlink: Group 10-44,16675,LEO,LEO (Starlink),Success,16675
2026-04-02,11:55:00,2026,Falcon 9,Starlink: Group 10-58,16675,LEO,LEO (Starlink),Success,16675
2026-04-07,02:50:00,2026,Falcon 9,Starlink: Group 17-35,14375,SSO,SSO (Starlink),Success,14375
2026-04-11,05:04:00,2026,Falcon 9,Starlink: Group 17-21,14375,SSO,SSO (Starlink),Success,14375
2026-04-11,11:41:00,2026,Falcon 9,Cygnus NG-24,5000,LEO (ISS),LEO (Other),Success,5000
2026-04-14,09:33:00,2026,Falcon 9,Starlink: Group 10-24,16675,LEO,LEO (Starlink),Success,16675
2026-04-15,04:29:00,2026,Falcon 9,Starlink: Group 17-27,14375,SSO,SSO (Starlink),Success,14375
2026-04-19,16:03:00,2026,Falcon 9,Starlink: Group 17-22,14375,LEO,LEO (Starlink),Success,14375
2026-04-21,06:53:00,2026,Falcon 9,GPS III-10,4350,MEO,MEO,Success,4350
2026-04-23,03:23:00,2026,Falcon 9,Starlink: Group 17-14,13800,SSO,SSO (Starlink),Success,13800
2026-04-26,14:37:00,2026,Falcon 9,Starlink: Group 17-16,14375,SSO,SSO (Starlink),Success,14375
2026-04-29,14:13:00,2026,Falcon Heavy,ViaSat-3 F3,6400,GTO,GTO/GEO,Success,6400
2026-04-30,02:42:00,2026,Falcon 9,Starlink: Group 17-36,13800,SSO,SSO (Starlink),Success,13800
2026-05-01,18:06:00,2026,Falcon 9,Starlink: Group 10-38,16675,LEO,LEO (Starlink),Success,16675
2026-05-03,07:00:00,2026,Falcon 9,CAS500-2 45 Rideshares,500,SSO,SSO (Other),Success,500
2026-05-06,03:59:00,2026,Falcon 9,Starlink: Group 17-29,13800,SSO,SSO (Starlink),Success,13800
2026-05-12,02:13:00,2026,Falcon 9,NROL-172 (22 Starshield satellites),,LEO,LEO (Other),Success,0
2026-05-15,22:05:00,2026,Falcon 9,SpaceX CRS-34 (Cargo Dragon C209-6),2948,LEO (ISS),LEO (Other),Success,2948
2026-05-20,02:46:00,2026,Falcon 9,Starlink: Group 17-42,13800,SSO,SSO (Starlink),Success,13800
2026-05-21,10:04:00,2026,Falcon 9,Starlink: Group 10-31,16675,LEO,LEO (Starlink),Success,16675
2026-05-22,22:30:00,2026,Block 3 Starship,20 Starlink simulator satellites and 2 modified Starlink V3,37500,Transatmospheric,Transatmospheric,Success,37500
2026-05-25,11:48:00,2026,Falcon 9,Starlink: Group 10-47,16675,LEO,LEO (Starlink),Success,16675
2026-05-26,14:50:00,2026,Falcon 9,Starlink: Group 17-37,13800,SSO,SSO (Starlink),Success,13800
2026-05-29,12:57:00,2026,Falcon 9,Starlink: Group 10-53,16675,LEO,LEO (Starlink),Success,16675
2026-05-30,15:25:00,2026,Falcon 9,Starlink: Group 17-41,13800,SSO,SSO (Starlink),Success,13800
2026-06-03,15:40:00,2026,Falcon 9,Starlink: Group 17-47,13800,SSO,SSO (Starlink),Success,13800
2026-06-04,10:26:00,2026,Falcon 9,Starlink: Group 10-43,16675,LEO,LEO (Starlink),Success,16675
2026-06-07,04:24:00,2026,Falcon 9,Starlink: Group 17-43 + 2 Starshield satellites,12075,SSO,SSO (Starlink),Success,12075
2026-06-08,10:13:00,2026,Falcon 9,Starlink: Group 10-35,16675,LEO,LEO (Starlink),Success,16675
2026-06-11,15:05:00,2026,Falcon 9,Starlink: Group 17-44,13800,SSO,SSO (Starlink),Success,13800
2026-06-12,12:37:00,2026,Falcon 9,Starlink: Group 10-54,16675,LEO,LEO (Starlink),Success,16675
2026-06-15,15:34:00,2026,Falcon 9,Starlink: Group 17-54,13800,SSO,SSO (Starlink),Success,13800
2026-06-17,06:39:00,2026,Falcon 9,"BlueBird Block 2 FM3-5 (3 Satellites, BlueBird 8 to 10)",13500,LEO,LEO (Other),Success,13500
2026-06-19,08:50:00,2026,Falcon 9,NROL-179 (9 Starshield satellites),,LEO,LEO (Other),Success,0
2026-06-21,16:39:00,2026,Falcon 9,Starlink: Group 17-28,13800,SSO,SSO (Starlink),Success,13800
2026-06-23,10:53:00,2026,Falcon 9,SpaceX Starfall,,LEO,LEO (Other),Success,0
2026-06-25,03:30:00,2026,Falcon 9,Starlink: Group 17-45,13800,SSO,SSO (Starlink),Success,13800
2026-06-28,16:09:00,2026,Falcon 9,Starlink: Group 17-40,13800,SSO,SSO (Starlink),Success,13800
2026-06-29,02:25:00,2026,Falcon 9,SXM-11,7000,GTO,GTO/GEO,Success,7000
2026-07-02,02:58:00,2026,Falcon 9,Starlink: Group 17-46,13800,SSO,SSO (Starlink),Success,13800
2026-07-05,10:50:00,2026,Falcon 9,Starlink: Group 10-50,16675,LEO,LEO (Starlink),Success,16675
2026-07-07,07:12:00,2026,Falcon 9,Transporter-17 (81 payloads smallsat rideshare),,SSO,SSO (Other),Success,0
2026-07-09,09:25:00,2026,Falcon 9,Starlink: Group 10-42,16675,LEO,LEO (Starlink),Success,16675
2026-07-11,03:01:00,2026,Falcon 9,Starlink: Group 17-48,13800,SSO,SSO (Starlink),Success,13800
2026-07-14,01:28:00,2026,Falcon 9,Starlink: Group 15-14,15525,LEO,LEO (Starlink),Success,15525
2026-07-14,09:10:00,2026,Falcon 9,Starlink: Group 10-45,16675,LEO,LEO (Starlink),Success,16675
2026-07-16,20:32:00,2026,Falcon 9,SDA Tranche 1 Transport Layer E (21 satellites),,Polar LEO,LEO (Other),Success,0
2026-07-21,14:49:00,2026,Falcon 9,Starlink: Group 17-39,13800,SSO,SSO (Starlink),Success,13800
2026-07-21,21:15:00,2026,Falcon 9,Mission Robotic Vehicle (MRV) × 1 Mission Extension Pod (MEP) × 3,4200,GTO,GTO/GEO,Success,4200
2026-07-24,22:51:00,2026,Block 3 Starship,20 Starlink V3,34000,Transatmospheric,Transatmospheric,Success,34000
2026-07-25,15:51:00,2026,Falcon 9,Starlink: Group 17-51,13800,SSO,SSO (Starlink),Success,13800
2026-07-30,07:10:00,2026,Falcon 9,NROL-95,,LEO,LEO (Other),Success,0
2026-08-01,03:08:00,2026,Falcon 9,Starlink: Group 17-52,13800,SSO,SSO (Starlink),Success,13800
2026-08-04,17:05:00,2026,Falcon 9,Starlink: Group 17-53,13800,SSO,SSO (Starlink),Success,13800
2026-08-05,07:49:00,2026,Falcon 9,BlueBird Block 2 #11-13 (3 satellites),13500,LEO,LEO (Other),Success,13500
2026-08-08,16:35:00,2026,Falcon 9,Starlink: Group 17-38,13800,SSO,SSO (Starlink),Success,13800
2026-08-11,15:58:00,2026,Falcon 9,Starlink: Group 10-19,16675,LEO,LEO (Starlink),Success,16675
2026-08-12,04:46:00,2026,Falcon 9,Starlink: Group 17-49,13800,SSO,SSO (Starlink),Success,13800
2026-08-16,01:12:00,2026,Falcon 9,Globalstar-2R M104–111 (8 satellites),4000,LEO,LEO (Other),Success,4000
2026-08-16,01:50:00,2026,Falcon 9,USSF-366 (SBST R-1) (23 Starshield satellites),,LEO,LEO (Other),Success,0
2026-08-19,04:01:00,2026,Falcon 9,Starlink: Group 17-50,13800,SSO,SSO (Starlink),Success,13800
2026-08-21,15:14:00,2026,Falcon 9,Starlink: Group 10-39,16675,LEO,LEO (Starlink),Success,16675
2026-08-22,07:25:00,2026,Falcon 9,Starlink: Group 15-20,15525,LEO,LEO (Starlink),Success,15525
2026-08-25,09:33:00,2026,Falcon 9,Starlink: Group 10-49,16675,LEO,LEO (Starlink),Success,16675
2026-08-26,09:35:00,2026,Falcon 9,Starlink: Group 15-22,15525,LEO,LEO (Starlink),Success,15525
2026-08-30,11:26:00,2026,Falcon Heavy,Nancy Grace Roman Space Telescope,9174,Sun–Earth L2,Other,Success,9174
2026-09-02,08:42:00,2026,Falcon 9,Starlink: Group 15-23,15525,LEO,LEO (Starlink),Success,15525
2026-09-06,14:26:00,2026,Falcon 9,Starlink: Group 15-24,15525,LEO,LEO (Starlink),Success,15525
2026-09-10,15:42:00,2026,Falcon 9,USSF-153 (SBST R-2) (23 Starshield satellites),,LEO,LEO (Other),Success,0
2026-09-13,18:49:00,2026,Falcon 9,"O3b mPOWER 11, 12 & 13",5100,MEO,MEO,Success,5100
2026-09-17,01:07:00,2026,Falcon 9,USSF-259 (SBST TH-1) (17 Starshield satellites),,Polar LEO,LEO (Other),Success,0
2026-09-20,01:47:00,2026,Falcon 9,Starlink: Group 15-27,15525,LEO,LEO (Starlink),Success,15525
2026-09-26,14:00:00,2026,Falcon 9,"USSF-385 (""R-3"") (23 Starshield satellites)",,LEO,LEO (Other),Success,0
2026-09-28,12:48:00,2026,Block 3 Starship,Starlink: Group 31-1,44000,LEO,LEO (Starlink),Success,44000
2026-10-01,15:10:00,2026,Falcon 9,Crew-13 (Crew Dragon C213-2 Grace),13000,LEO (ISS),LEO (Other),Success,13000
2026-10-01,18:32:00,2026,Falcon 9,Transporter-18 (130 payloads smallsat rideshare),,SSO,SSO (Other),Success,0
2026-10-02,03:54:00,2026,Falcon Heavy,NROL-97,,Classified,Other,Success,0
2026-10-10,07:39:00,2026,Falcon 9,SDA Tranche 1 Transport Layer A (21 satellites),,Polar LEO,LEO (Other),Success,0
